,data,percent,player,rank
0,5.25,null,huya_mitu,781
1,15.79,8.0,huya_mitu,1943
2,13803.18,19.0,huya_mitu,84131
3,19,18.0,huya_mitu,80043
4,3,1.5,huya_mitu,null
5,1,7.0,huya_mitu,1
6,3,21.0,huya_mitu,54704
7,15.79,40.0,huya_mitu,36423
8,16,21.0,huya_mitu,92860
9,1540,8.2368,huya_mitu,null
10,1569.26,8.0,huya_mitu,29197
11,0,100.0,huya_mitu,0
12,418.71,7.0,huya_mitu,1308
13,0.84,null,huya_mitu,3625
14,0.95,58.0,huya_mitu,67698
15,4.42,4.7,huya_mitu,691
16,2733.94,null,huya_mitu,23912
17,0,100.0,huya_mitu,1
18,0.11,4.9,huya_mitu,1697
19,0.05,11.0,huya_mitu,9808
20,726.48,63.0,huya_mitu,54520
21,0.16,40.0,huya_mitu,35946
22,84,1.3,huya_mitu,null
23,0,100.0,huya_mitu,86447
24,1,16.0,huya_mitu,12840
25,1,17.0,huya_mitu,12840
26,16,null,huya_mitu,14697
27,0.19,44.0,huya_mitu,58619
28,0,100.0,huya_mitu,33339
29,2,2.7,huya_mitu,4079
30,6,30.0,huya_mitu,47654
31,6,45.0,huya_mitu,78264
32,21,0.1,huya_mitu,89
33,3,3.8,huya_mitu,2705
34,0,100.0,huya_mitu,0
35,6,4.1,huya_mitu,38100
36,1852.89,null,huya_mitu,59665
37,1852.89,29.0,huya_mitu,59665
38,726.48,63.0,huya_mitu,55342
39,1246,11.0,huya_mitu,null
40,24502.13,13.0,huya_mitu,76817
41,27442.68,10.0,huya_mitu,45022
42,51944.81,13.0,huya_mitu,61337
43,1289.59,51.0,huya_mitu,43660
44,1444.35,26.0,huya_mitu,18762
45,223.31,18.0,huya_mitu,40282
46,18,null,huya_mitu,83406
47,0,100.0,huya_mitu,1
48,29,16.0,huya_mitu,59476
49,7955.57,2.7,huya_mitu,17020
50,0,100.0,huya_mitu,1
51,8.5,null,PandaTV_HETONG,0
52,33.33,4.3,PandaTV_HETONG,0
53,3696.11,56.0,PandaTV_HETONG,0
54,3,70.0,PandaTV_HETONG,0
55,1,21.0,PandaTV_HETONG,null
56,0.5,12.0,PandaTV_HETONG,0
57,2,35.0,PandaTV_HETONG,0
58,66.67,7.0,PandaTV_HETONG,0
59,2,81.0,PandaTV_HETONG,0
60,1413,18.155,PandaTV_HETONG,null
61,1412.68,20.0,PandaTV_HETONG,0
62,0,100.0,PandaTV_HETONG,0
63,575.35,2.9,PandaTV_HETONG,0
64,2.67,null,PandaTV_HETONG,0
65,0.67,68.0,PandaTV_HETONG,0
66,5.67,2.5,PandaTV_HETONG,0
67,3768.21,null,PandaTV_HETONG,0
68,0,100.0,PandaTV_HETONG,0
69,0,100.0,PandaTV_HETONG,0
70,0,100.0,PandaTV_HETONG,0
71,1232.04,16.0,PandaTV_HETONG,0
72,0.67,7.0,PandaTV_HETONG,0
73,17,28.0,PandaTV_HETONG,null
74,0,100.0,PandaTV_HETONG,0
75,0,100.0,PandaTV_HETONG,0
76,0,100.0,PandaTV_HETONG,0
77,8,null,PandaTV_HETONG,0
78,0.47,9.0,PandaTV_HETONG,0
79,0,100.0,PandaTV_HETONG,0
80,0,100.0,PandaTV_HETONG,0
81,15,7.0,PandaTV_HETONG,0
82,15,18.0,PandaTV_HETONG,0
83,12,2.6,PandaTV_HETONG,0
84,2,25.0,PandaTV_HETONG,0
85,0,100.0,PandaTV_HETONG,0
86,2,57.0,PandaTV_HETONG,0
87,1709.14,null,PandaTV_HETONG,0
88,1709.14,47.0,PandaTV_HETONG,0
89,1232.04,16.0,PandaTV_HETONG,0
90,1173,18.0,PandaTV_HETONG,null
91,8810.39,40.0,PandaTV_HETONG,0
92,2494.23,65.0,PandaTV_HETONG,0
93,11304.62,53.0,PandaTV_HETONG,0
94,2936.8,6.0,PandaTV_HETONG,0
95,831.41,47.0,PandaTV_HETONG,0
96,357.11,3.1,PandaTV_HETONG,0
97,2,null,PandaTV_HETONG,0
98,0,100.0,PandaTV_HETONG,0
99,12,39.0,PandaTV_HETONG,0
100,1726.04,32.0,PandaTV_HETONG,0
101,0,100.0,PandaTV_HETONG,0
102,2.46,null,MaodouLoveFF,7346
103,11.48,10.0,MaodouLoveFF,4084
104,58827.49,0.9,MaodouLoveFF,6922
105,61,2.0,MaodouLoveFF,12357
106,7,0.2,MaodouLoveFF,null
107,0.47,12.0,MaodouLoveFF,9719
108,15,0.5,MaodouLoveFF,3871
109,24.59,29.0,MaodouLoveFF,14651
110,54,2.6,MaodouLoveFF,15448
111,2046,0.2299,MaodouLoveFF,null
112,2154.74,0.3,MaodouLoveFF,692
113,806,0.1,MaodouLoveFF,0
114,274.01,19.0,MaodouLoveFF,6793
115,1.7,null,MaodouLoveFF,1118
116,0.82,62.0,MaodouLoveFF,77307
117,2.18,21.0,MaodouLoveFF,8949
118,2482.36,null,MaodouLoveFF,31651
119,0,100.0,MaodouLoveFF,1
120,0.02,12.0,MaodouLoveFF,29306
121,0.03,14.0,MaodouLoveFF,23557
122,964.39,33.0,MaodouLoveFF,15940
123,0.25,29.0,MaodouLoveFF,14641
124,133,0.4,MaodouLoveFF,null
125,4,4.1,MaodouLoveFF,18442
126,2,3.1,MaodouLoveFF,4019
127,2,3.3,MaodouLoveFF,4019
128,104,null,MaodouLoveFF,591
129,0.78,2.2,MaodouLoveFF,222
130,2,2.7,MaodouLoveFF,3951
131,1,13.0,MaodouLoveFF,10920
132,0,100.0,MaodouLoveFF,91680
133,0,100.0,MaodouLoveFF,98420
134,8,14.0,MaodouLoveFF,18581
135,2,25.0,MaodouLoveFF,10421
136,0,100.0,MaodouLoveFF,0
137,4,18.0,MaodouLoveFF,68448
138,1942.39,null,MaodouLoveFF,28870
139,1942.39,12.0,MaodouLoveFF,28870
140,964.39,33.0,MaodouLoveFF,18050
141,1683,0.4,MaodouLoveFF,null
142,108927.1,0.3,MaodouLoveFF,5070
143,42496.97,4.2,MaodouLoveFF,25043
144,151424.1,1.3,MaodouLoveFF,9859
145,1785.69,26.0,MaodouLoveFF,12810
146,696.67,53.0,MaodouLoveFF,57990
147,478.45,0.8,MaodouLoveFF,2290
148,50,null,MaodouLoveFF,31584
149,0,100.0,MaodouLoveFF,1
150,116,0.7,MaodouLoveFF,4880
151,16714.54,0.3,MaodouLoveFF,3000
152,0,100.0,MaodouLoveFF,1
153,2.19,null,huaianLIbaobao,10465
154,5.88,15.0,huaianLIbaobao,12091
155,17018.68,14.0,huaianLIbaobao,69194
156,17,20.0,huaianLIbaobao,89984
157,1,21.0,huaianLIbaobao,null
158,0.25,17.0,huaianLIbaobao,18826
159,4,14.0,huaianLIbaobao,41982
160,23.53,29.0,huaianLIbaobao,15920
161,16,21.0,huaianLIbaobao,92860
162,1589,6.0012,huaianLIbaobao,null
163,1589.12,7.0,huaianLIbaobao,26461
164,0,100.0,huaianLIbaobao,0
165,231.66,26.0,huaianLIbaobao,12679
166,0.29,null,huaianLIbaobao,34358
167,0.88,60.0,huaianLIbaobao,72677
168,2.06,22.0,huaianLIbaobao,10697
169,3003.98,null,huaianLIbaobao,17404
170,0,100.0,huaianLIbaobao,1
171,0,100.0,huaianLIbaobao,33253
172,0.06,10.0,huaianLIbaobao,6610
173,1001.1,30.0,huaianLIbaobao,12566
174,0.24,29.0,huaianLIbaobao,15920
175,35,11.0,huaianLIbaobao,null
176,1,39.0,huaianLIbaobao,63816
177,1,16.0,huaianLIbaobao,12840
178,1,17.0,huaianLIbaobao,12840
179,5,null,huaianLIbaobao,61020
180,0.14,55.0,huaianLIbaobao,77901
181,0,100.0,huaianLIbaobao,33339
182,0,100.0,huaianLIbaobao,33253
183,8,21.0,huaianLIbaobao,38371
184,8,36.0,huaianLIbaobao,71970
185,7,21.0,huaianLIbaobao,26785
186,3,3.8,huaianLIbaobao,2705
187,0,100.0,huaianLIbaobao,0
188,4,18.0,huaianLIbaobao,68448
189,1872.83,null,huaianLIbaobao,53140
190,1872.83,25.0,huaianLIbaobao,53140
191,1001.1,30.0,huaianLIbaobao,14624
192,1306,7.0,huaianLIbaobao,null
193,31470.77,8.0,huaianLIbaobao,59347
194,19596.86,15.0,huaianLIbaobao,61704
195,51067.63,13.0,huaianLIbaobao,62418
196,1851.22,24.0,huaianLIbaobao,10606
197,1152.76,34.0,huaianLIbaobao,29380
198,379.84,2.3,huaianLIbaobao,6555
199,15,null,huaianLIbaobao,88933
200,0,100.0,huaianLIbaobao,1
201,28,17.0,huaianLIbaobao,61291
202,3938.25,12.0,huaianLIbaobao,54780
203,0,100.0,huaianLIbaobao,1
204,15,null,shajia369,36
205,52.63,2.8,shajia369,57
206,23322.78,9.0,shajia369,45414
207,19,18.0,shajia369,80043
208,10,0.1,shajia369,473
209,0.91,7.0,shajia369,1629
210,11,1.2,shajia369,7667
211,57.89,8.0,shajia369,467
212,9,36.0,shajia369,101522
213,2357,0.1,shajia369,496
214,2356.84,0.1,shajia369,108
215,483,0.1,shajia369,0
216,778.88,1.1,shajia369,56
217,3.63,null,shajia369,170
218,2.05,20.0,shajia369,11483
219,7.11,1.1,shajia369,60
220,4303.69,null,shajia369,3877
221,0,100.0,shajia369,1
222,0,100.0,shajia369,33253
223,0.05,11.0,shajia369,9808
224,1227.51,16.0,shajia369,2593
225,0.58,8.0,shajia369,461
226,135,0.3,shajia369,1592
227,4,4.1,shajia369,18442
228,1,16.0,shajia369,12840
229,1,17.0,shajia369,12840
230,69,null,shajia369,1199
231,0.51,4.8,shajia369,1824
232,0,100.0,shajia369,33339
233,0,100.0,shajia369,33253
234,22,2.5,shajia369,9570
235,66,0.6,shajia369,4712
236,20,0.1,shajia369,133
237,2,25.0,shajia369,10421
238,0,100.0,shajia369,0
239,4,18.0,shajia369,68448
240,2034.18,null,shajia369,6443
241,2034.18,2.3,shajia369,6443
242,1227.52,16.0,shajia369,3513
243,1951,0.1,shajia369,473
244,44653.84,4.0,shajia369,35674
245,37116.27,6.0,shajia369,30607
246,81770.11,6.0,shajia369,33116
247,2350.2,12.0,shajia369,2451
248,1953.49,16.0,shajia369,8809
249,305.71,7.0,shajia369,16165
250,39,null,shajia369,44952
251,0,100.0,shajia369,1
252,73,2.6,shajia369,14503
253,14798.64,0.4,shajia369,4033
254,0,100.0,shajia369,1
255,1.38,null,TiexieTe,34574
256,2.44,18.0,TiexieTe,33803
257,44977.07,1.8,TiexieTe,13061
258,41,4.9,TiexieTe,27318
259,1,21.0,TiexieTe,null
260,0.06,19.0,TiexieTe,40446
261,17,0.3,TiexieTe,2904
262,41.46,14.0,TiexieTe,2493
263,40,5.0,TiexieTe,27435
264,1849,1.0853,TiexieTe,null
265,1876.27,1.3,TiexieTe,4866
266,876,0.1,TiexieTe,0
267,187.41,37.0,TiexieTe,24914
268,0.46,null,TiexieTe,14708
269,4.41,4.3,TiexieTe,460
270,1.34,43.0,TiexieTe,34991
271,3367.61,null,TiexieTe,11447
272,0,100.0,TiexieTe,1
273,0,100.0,TiexieTe,33253
274,0,100.0,TiexieTe,41004
275,1097,23.0,TiexieTe,6545
276,0.41,14.0,TiexieTe,2489
277,55,4.1,TiexieTe,null
278,5,2.2,TiexieTe,12107
279,0,100.0,TiexieTe,41004
280,0,100.0,TiexieTe,41004
281,19,null,TiexieTe,10827
282,0.35,15.0,TiexieTe,9409
283,1,13.0,TiexieTe,10764
284,0,100.0,TiexieTe,33253
285,0,100.0,TiexieTe,91680
286,55,1.1,TiexieTe,7123
287,5,39.0,TiexieTe,52085
288,1,89.0,TiexieTe,55082
289,0,100.0,TiexieTe,0
290,4,18.0,TiexieTe,68448
291,1957.06,null,TiexieTe,22853
292,1957.06,9.0,TiexieTe,22853
293,1097,23.0,TiexieTe,8175
294,1548,1.2,TiexieTe,null
295,72313.49,1.1,TiexieTe,13953
296,65758.41,1.5,TiexieTe,11613
297,138071.9,1.7,TiexieTe,12082
298,1763.74,27.0,TiexieTe,13619
299,1603.86,22.0,TiexieTe,14751
300,222.09,18.0,TiexieTe,40771
301,181,null,TiexieTe,1671
302,0,100.0,TiexieTe,1
303,129,0.5,TiexieTe,3683
304,7684.01,2.9,TiexieTe,18209
305,0,100.0,TiexieTe,1
306,0,100.0,Na-HOkun,0
307,100,1.3,Na-HOkun,0
308,1863.19,71.0,Na-HOkun,0
309,1,100.0,Na-HOkun,0
310,1,20.0,Na-HOkun,null
311,1,7.0,Na-HOkun,0
312,1,58.0,Na-HOkun,0
313,100,6.0,Na-HOkun,0
314,0,100.0,Na-HOkun,0
315,1344,28.0168,Na-HOkun,null
316,1343.73,26.0,Na-HOkun,0
317,0,100.0,Na-HOkun,0
318,966.54,0.5,Na-HOkun,0
319,8,0.1,Na-HOkun,0
320,0,100.0,Na-HOkun,0
321,10,0.4,Na-HOkun,0
322,5090.63,9.0,Na-HOkun,0
323,0,100.0,Na-HOkun,0
324,0,100.0,Na-HOkun,0
325,0,100.0,Na-HOkun,0
326,1863.19,1.6,Na-HOkun,0
327,1,6.0,Na-HOkun,0
328,10,38.0,Na-HOkun,null
329,0,100.0,Na-HOkun,0
330,0,100.0,Na-HOkun,0
331,0,100.0,Na-HOkun,0
332,8,8.0,Na-HOkun,0
333,0.8,2.4,Na-HOkun,0
334,0,100.0,Na-HOkun,0
335,0,100.0,Na-HOkun,0
336,10,15.0,Na-HOkun,0
337,10,27.0,Na-HOkun,0
338,10,6.0,Na-HOkun,0
339,1,89.0,Na-HOkun,0
340,0,100.0,Na-HOkun,0
341,1,100.0,Na-HOkun,0
342,1863.19,24.0,Na-HOkun,0
343,1863.19,24.0,Na-HOkun,0
344,1863.19,1.6,Na-HOkun,0
345,1119,24.0,Na-HOkun,null
346,5090.63,56.0,Na-HOkun,0
347,0,100.0,Na-HOkun,0
348,5090.63,71.0,Na-HOkun,0
349,5090.63,0.4,Na-HOkun,0
350,0,100.0,Na-HOkun,0
351,216.24,16.0,Na-HOkun,0
352,0,100.0,Na-HOkun,0
353,0,100.0,Na-HOkun,0
354,10,39.0,Na-HOkun,0
355,966.54,43.0,Na-HOkun,0
356,0,100.0,Na-HOkun,0
357,2.47,19.0,TV-9420,7271
358,11.76,10.0,TV-9420,3562
359,15639.28,11.0,TV-9420,75644
360,17,15.0,TV-9420,89984
361,2,4.5,TV-9420,null
362,0.5,12.0,TV-9420,4615
363,4,10.0,TV-9420,41982
364,23.53,30.0,TV-9420,15920
365,15,17.0,TV-9420,98721
366,1594,5.8546,TV-9420,null
367,1619.45,3.4,TV-9420,22572
368,0,100.0,TV-9420,0
369,221.39,29.0,TV-9420,14786
370,1.53,3.7,TV-9420,1338
371,1.29,42.0,TV-9420,42455
372,2.18,22.0,TV-9420,8965
373,2136.74,53.0,TV-9420,45884
374,0,100.0,TV-9420,1
375,0,100.0,TV-9420,33253
376,0,100.0,TV-9420,41004
377,919.96,40.0,TV-9420,20834
378,0.24,30.0,TV-9420,15920
379,37,6.0,TV-9420,null
380,3,8.0,TV-9420,28447
381,0,100.0,TV-9420,41004
382,0,100.0,TV-9420,41004
383,26,0.6,TV-9420,6141
384,0.7,2.8,TV-9420,477
385,0,100.0,TV-9420,33339
386,0,100.0,TV-9420,33253
387,37,0.4,TV-9420,3060
388,37,2.2,TV-9420,16545
389,6,26.0,TV-9420,37942
390,1,89.0,TV-9420,55082
391,0,100.0,TV-9420,0
392,1,100.0,TV-9420,100522
393,2152.09,1.0,TV-9420,3466
394,2152.09,1.0,TV-9420,3466
395,919.96,40.0,TV-9420,23019
396,1308,4.3,TV-9420,null
397,25097.12,12.0,TV-9420,75209
398,11227.52,23.0,TV-9420,83376
399,36324.64,16.0,TV-9420,82465
400,1476.3,42.0,TV-9420,28774
401,660.44,54.0,TV-9420,60967
402,203.65,19.0,TV-9420,48063
403,22,17.0,TV-9420,75634
404,0,100.0,TV-9420,1
405,21,19.0,TV-9420,75186
406,3763.68,9.0,TV-9420,57665
407,0,100.0,TV-9420,1
408,2.88,null,USBgogogo,4471
409,0,100.0,USBgogogo,41745
410,11576.02,23.0,USBgogogo,93353
411,17,20.0,USBgogogo,89984
412,0,100.0,USBgogogo,null
413,0,100.0,USBgogogo,41745
414,1,62.0,USBgogogo,85131
415,5.88,59.0,USBgogogo,81672
416,17,20.0,USBgogogo,87259
417,1373,23.2981,USBgogogo,null
418,1372.5,25.0,USBgogogo,68401
419,0,100.0,USBgogogo,0
420,320.08,13.0,USBgogogo,3632
421,0.76,null,USBgogogo,4503
422,1.82,26.0,USBgogogo,17266
423,2.88,14.0,USBgogogo,3284
424,1751.5,null,USBgogogo,65395
425,0,100.0,USBgogogo,1
426,0.06,8.0,USBgogogo,6178
427,0,100.0,USBgogogo,41004
428,680.94,69.0,USBgogogo,64293
429,0.06,58.0,USBgogogo,80938
430,49,6.0,USBgogogo,null
431,2,17.0,USBgogogo,43214
432,0,100.0,USBgogogo,41004
433,0,100.0,USBgogogo,41004
434,13,null,USBgogogo,20758
435,0.27,26.0,USBgogogo,27220
436,0,100.0,USBgogogo,33339
437,1,13.0,USBgogogo,10920
438,24,1.9,USBgogogo,8065
439,49,1.6,USBgogogo,9272
440,7,21.0,USBgogogo,26785
441,2,25.0,USBgogogo,10421
442,0,100.0,USBgogogo,0
443,5,9.0,USBgogogo,52387
444,1929.01,null,USBgogogo,32384
445,1929.01,13.0,USBgogogo,32384
446,680.94,69.0,USBgogogo,64524
447,1092,35.0,USBgogogo,null
448,12348.91,30.0,USBgogogo,99584
449,17426.6,18.0,USBgogogo,66947
450,29775.51,26.0,USBgogogo,90808
451,726.41,83.0,USBgogogo,92434
452,1025.09,39.0,USBgogogo,35755
453,237.67,15.0,USBgogogo,35097
454,31,null,USBgogogo,58144
455,0,100.0,USBgogogo,1
456,22,23.0,USBgogogo,73281
457,5441.28,7.0,USBgogogo,34544
458,0,100.0,USBgogogo,1
459,1.67,null,dfbnnfgy,22135
460,16.67,8.0,dfbnnfgy,1710
461,14256.96,18.0,dfbnnfgy,82028
462,18,19.0,dfbnnfgy,84810
463,3,1.5,dfbnnfgy,null
464,0.6,8.0,dfbnnfgy,3712
465,5,9.0,dfbnnfgy,31837
466,27.78,24.0,dfbnnfgy,10212
467,15,22.0,dfbnnfgy,98721
468,1568,6.9049,dfbnnfgy,null
469,1683.04,3.7,dfbnnfgy,15795
470,0,100.0,dfbnnfgy,0
471,184.94,38.0,dfbnnfgy,25912
472,1,null,dfbnnfgy,2515
473,0.72,65.0,dfbnnfgy,83671
474,1.39,42.0,dfbnnfgy,32294
475,1707.24,null,dfbnnfgy,67749
476,0,100.0,dfbnnfgy,1
477,0,100.0,dfbnnfgy,33253
478,0,100.0,dfbnnfgy,41004
479,792.05,53.0,dfbnnfgy,40951
480,0.28,24.0,dfbnnfgy,9948
481,25,18.0,dfbnnfgy,null
482,2,17.0,dfbnnfgy,43214
483,0,100.0,dfbnnfgy,41004
484,0,100.0,dfbnnfgy,41004
485,18,null,dfbnnfgy,11863
486,0.72,2.6,dfbnnfgy,410
487,0,100.0,dfbnnfgy,33339
488,0,100.0,dfbnnfgy,33253
489,0,100.0,dfbnnfgy,91680
490,4,57.0,dfbnnfgy,84875
491,7,21.0,dfbnnfgy,26785
492,1,89.0,dfbnnfgy,55082
493,0,100.0,dfbnnfgy,0
494,3,32.0,dfbnnfgy,83752
495,1857.81,null,dfbnnfgy,58547
496,1857.81,28.0,dfbnnfgy,58547
497,792.05,53.0,dfbnnfgy,42395
498,1309,7.0,dfbnnfgy,null
499,24940.68,13.0,dfbnnfgy,75605
500,5789.6,45.0,dfbnnfgy,95399
501,30730.28,25.0,dfbnnfgy,89657
502,1385.59,46.0,dfbnnfgy,35597
503,321.64,72.0,dfbnnfgy,88489
504,207.1,21.0,dfbnnfgy,46715
505,13,null,dfbnnfgy,92189
506,0,100.0,dfbnnfgy,1
507,18,28.0,dfbnnfgy,81027
508,3328.88,16.0,dfbnnfgy,65476
509,0,100.0,dfbnnfgy,1
510,4,null,eatchiken9527,0
511,0,100.0,eatchiken9527,0
512,2069.02,71.0,eatchiken9527,0
513,3,70.0,eatchiken9527,0
514,0,100.0,eatchiken9527,null
515,0,100.0,eatchiken9527,0
516,1,62.0,eatchiken9527,0
517,33.33,21.0,eatchiken9527,0
518,3,69.0,eatchiken9527,0
519,1251,51.6893,eatchiken9527,null
520,1262.13,52.0,eatchiken9527,0
521,0,100.0,eatchiken9527,0
522,402.27,8.0,eatchiken9527,0
523,0.33,null,eatchiken9527,0
524,2,25.0,eatchiken9527,0
525,4,7.0,eatchiken9527,0
526,1393.31,null,eatchiken9527,0
527,0,100.0,eatchiken9527,0
528,0,100.0,eatchiken9527,0
529,0,100.0,eatchiken9527,0
530,689.67,67.0,eatchiken9527,0
531,0.33,21.0,eatchiken9527,0
532,12,38.0,eatchiken9527,null
533,0,100.0,eatchiken9527,0
534,0,100.0,eatchiken9527,0
535,0,100.0,eatchiken9527,0
536,1,null,eatchiken9527,0
537,0.08,64.0,eatchiken9527,0
538,0,100.0,eatchiken9527,0
539,0,100.0,eatchiken9527,0
540,12,11.0,eatchiken9527,0
541,12,24.0,eatchiken9527,0
542,11,4.0,eatchiken9527,0
543,2,25.0,eatchiken9527,0
544,0,100.0,eatchiken9527,0
545,1,100.0,eatchiken9527,0
546,1652.25,null,eatchiken9527,0
547,1652.25,52.0,eatchiken9527,0
548,689.67,67.0,eatchiken9527,0
549,1026,61.0,eatchiken9527,null
550,4179.94,62.0,eatchiken9527,0
551,0,100.0,eatchiken9527,0
552,4179.94,78.0,eatchiken9527,0
553,1393.31,45.0,eatchiken9527,0
554,0,100.0,eatchiken9527,0
555,174.32,29.0,eatchiken9527,0
556,6,null,eatchiken9527,0
557,0,100.0,eatchiken9527,0
558,9,47.0,eatchiken9527,0
559,1206.8,42.0,eatchiken9527,0
560,0,100.0,eatchiken9527,0
561,2.33,null,JDQS_fu,0
562,25,6.0,JDQS_fu,0
563,4431.93,50.0,JDQS_fu,0
564,4,61.0,JDQS_fu,0
565,1,21.0,JDQS_fu,null
566,1,7.0,JDQS_fu,0
567,1,62.0,JDQS_fu,0
568,25,29.0,JDQS_fu,0
569,3,69.0,JDQS_fu,0
570,1346,27.4428,JDQS_fu,null
571,1346.09,30.0,JDQS_fu,0
572,0,100.0,JDQS_fu,0
573,196.93,34.0,JDQS_fu,0
574,0,null,JDQS_fu,0
575,1,58.0,JDQS_fu,0
576,1.75,32.0,JDQS_fu,0
577,2728.35,null,JDQS_fu,0
578,0,100.0,JDQS_fu,0
579,0,100.0,JDQS_fu,0
580,0,100.0,JDQS_fu,0
581,1107.98,22.0,JDQS_fu,0
582,0.25,29.0,JDQS_fu,0
583,7,53.0,JDQS_fu,null
584,0,100.0,JDQS_fu,0
585,0,100.0,JDQS_fu,0
586,0,100.0,JDQS_fu,0
587,0,null,JDQS_fu,0
588,0,100.0,JDQS_fu,0
589,0,100.0,JDQS_fu,0
590,0,100.0,JDQS_fu,0
591,0,100.0,JDQS_fu,0
592,0,100.0,JDQS_fu,0
593,7,21.0,JDQS_fu,0
594,1,89.0,JDQS_fu,0
595,0,100.0,JDQS_fu,0
596,4,18.0,JDQS_fu,0
597,1969.17,null,JDQS_fu,0
598,1969.17,7.0,JDQS_fu,0
599,1107.98,22.0,JDQS_fu,0
600,1125,27.0,JDQS_fu,null
601,5238.46,55.0,JDQS_fu,0
602,5674.93,46.0,JDQS_fu,0
603,10913.39,54.0,JDQS_fu,0
604,1309.62,50.0,JDQS_fu,0
605,1418.73,26.0,JDQS_fu,0
606,169.39,30.0,JDQS_fu,0
607,4,null,JDQS_fu,0
608,0,100.0,JDQS_fu,0
609,9,47.0,JDQS_fu,0
610,787.71,54.0,JDQS_fu,0
611,0,100.0,JDQS_fu,0
612,2,null,Taeny6462,0
613,14.29,9.0,Taeny6462,0
614,9601.27,28.0,Taeny6462,0
615,7,44.0,Taeny6462,0
616,1,21.0,Taeny6462,null
617,0.25,17.0,Taeny6462,0
618,4,14.0,Taeny6462,0
619,57.14,8.0,Taeny6462,0
620,6,48.0,Taeny6462,0
621,1491,11.1349,Taeny6462,null
622,1491.26,12.0,Taeny6462,0
623,0,100.0,Taeny6462,0
624,219.89,28.0,Taeny6462,0
625,0.29,null,Taeny6462,0
626,0.14,82.0,Taeny6462,0
627,1.71,33.0,Taeny6462,0
628,5226.99,null,Taeny6462,0
629,0,100.0,Taeny6462,0
630,0,100.0,Taeny6462,0
631,0,100.0,Taeny6462,0
632,1371.61,11.0,Taeny6462,0
633,0.57,8.0,Taeny6462,0
634,12,38.0,Taeny6462,null
635,0,100.0,Taeny6462,0
636,0,100.0,Taeny6462,0
637,0,100.0,Taeny6462,0
638,2,null,Taeny6462,0
639,0.17,47.0,Taeny6462,0
640,0,100.0,Taeny6462,0
641,0,100.0,Taeny6462,0
642,2,64.0,Taeny6462,0
643,2,74.0,Taeny6462,0
644,7,21.0,Taeny6462,0
645,1,89.0,Taeny6462,0
646,0,100.0,Taeny6462,0
647,3,32.0,Taeny6462,0
648,1837.5,null,Taeny6462,0
649,1837.5,31.0,Taeny6462,0
650,1371.61,11.0,Taeny6462,0
651,1254,10.0,Taeny6462,null
652,15751.48,23.0,Taeny6462,0
653,20837.45,14.0,Taeny6462,0
654,36588.93,21.0,Taeny6462,0
655,2250.21,14.0,Taeny6462,0
656,2976.78,7.0,Taeny6462,0
657,192.85,24.0,Taeny6462,0
658,1,null,Taeny6462,0
659,0,100.0,Taeny6462,0
660,23,21.0,Taeny6462,0
661,1539.23,35.0,Taeny6462,0
662,0,100.0,Taeny6462,0
663,3.83,null,HoF_KenT,1644
664,18.18,8.0,HoF_KenT,1178
665,12201.46,22.0,HoF_KenT,91373
666,22,15.0,HoF_KenT,71525
667,4,0.6,HoF_KenT,null
668,1,7.0,HoF_KenT,1
669,4,14.0,HoF_KenT,41982
670,18.18,36.0,HoF_KenT,24929
671,18,18.0,HoF_KenT,87259
672,1712,2.7149,HoF_KenT,null
673,1794.15,2.0,HoF_KenT,8246
674,0,100.0,HoF_KenT,0
675,328.52,13.0,HoF_KenT,2758
676,0.91,null,HoF_KenT,2838
677,1.45,36.0,HoF_KenT,29281
678,3.14,10.0,HoF_KenT,2063
679,1477.54,null,HoF_KenT,76188
680,0,100.0,HoF_KenT,1
681,0,100.0,HoF_KenT,33253
682,0,100.0,HoF_KenT,41004
683,554.61,83.0,HoF_KenT,84964
684,0.18,36.0,HoF_KenT,24929
685,69,2.3,HoF_KenT,null
686,6,1.3,HoF_KenT,8238
687,0,100.0,HoF_KenT,41004
688,0,100.0,HoF_KenT,41004
689,20,null,HoF_KenT,9919
690,0.29,23.0,HoF_KenT,19762
691,0,100.0,HoF_KenT,33339
692,0,100.0,HoF_KenT,33253
693,11,13.0,HoF_KenT,27882
694,69,0.6,HoF_KenT,4324
695,15,0.7,HoF_KenT,1019
696,2,25.0,HoF_KenT,10421
697,0,100.0,HoF_KenT,0
698,3,32.0,HoF_KenT,83752
699,1937.21,null,HoF_KenT,30349
700,1937.21,12.0,HoF_KenT,30349
701,554.61,83.0,HoF_KenT,84012
702,1375,3.9,HoF_KenT,null
703,17935.67,20.0,HoF_KenT,92163
704,14570.22,22.0,HoF_KenT,74451
705,32505.9,23.0,HoF_KenT,87493
706,815.26,79.0,HoF_KenT,84319
707,662.28,55.0,HoF_KenT,58197
708,385.6,2.1,HoF_KenT,6077
709,32,null,HoF_KenT,56255
710,0,100.0,HoF_KenT,1
711,46,8.0,HoF_KenT,33860
712,7227.37,3.4,HoF_KenT,20586
713,0,100.0,HoF_KenT,1
714,4.76,6.0,ArtzRichear,979
715,12.5,10.0,ArtzRichear,2361
716,25732.57,4.0,ArtzRichear,46579
717,24,9.0,ArtzRichear,71525
718,3,1.3,ArtzRichear,null
719,0.3,15.0,ArtzRichear,12343
720,10,0.8,ArtzRichear,11612
721,41.67,15.0,ArtzRichear,2210
722,21,10.0,ArtzRichear,82358
723,2126,0.1029,ArtzRichear,null
724,2125.89,0.2,ArtzRichear,1384
725,0,100.0,ArtzRichear,0
726,471.29,6.0,ArtzRichear,763
727,2,3.2,ArtzRichear,897
728,1.38,39.0,ArtzRichear,37099
729,4.17,6.0,ArtzRichear,851
730,3111.06,30.0,ArtzRichear,15673
731,0,100.0,ArtzRichear,1
732,0.08,7.0,ArtzRichear,2225
733,0.04,12.0,ArtzRichear,12725
734,1072.19,27.0,ArtzRichear,6754
735,0.42,15.0,ArtzRichear,2160
736,100,0.4,ArtzRichear,null
737,4,4.1,ArtzRichear,28447
738,1,16.0,ArtzRichear,12840
739,1,16.0,ArtzRichear,12840
740,48,0.2,ArtzRichear,2810
741,0.48,10.0,ArtzRichear,2689
742,1,13.0,ArtzRichear,10764
743,2,2.7,ArtzRichear,4079
744,12,11.0,ArtzRichear,59277
745,16,15.0,ArtzRichear,84875
746,12,2.1,ArtzRichear,3764
747,3,3.6,ArtzRichear,2705
748,0,100.0,ArtzRichear,0
749,8,0.6,ArtzRichear,26512
750,2188.2,0.4,ArtzRichear,895
751,2188.2,0.4,ArtzRichear,895
752,1072.19,27.0,ArtzRichear,8394
753,1729,0.2,ArtzRichear,null
754,46484.22,3.6,ArtzRichear,39725
755,28181.2,6.0,ArtzRichear,53609
756,74665.42,4.0,ArtzRichear,46715
757,1936.84,23.0,ArtzRichear,7109
758,1174.22,34.0,ArtzRichear,31854
759,447.47,0.8,ArtzRichear,3072
760,33,9.0,ArtzRichear,61806
761,0,100.0,ArtzRichear,1
762,69,1.5,ArtzRichear,21523
763,11310.88,0.4,ArtzRichear,10246
764,0,100.0,ArtzRichear,1
765,2,null,6666AWM,0
766,0,100.0,6666AWM,0
767,2950.2,62.0,6666AWM,0
768,3,70.0,6666AWM,0
769,0,100.0,6666AWM,null
770,0,100.0,6666AWM,0
771,0,100.0,6666AWM,0
772,0,100.0,6666AWM,0
773,3,69.0,6666AWM,0
774,1241,55.3637,6666AWM,null
775,1241.24,62.0,6666AWM,0
776,0,100.0,6666AWM,0
777,249.4,23.0,6666AWM,0
778,2,null,6666AWM,0
779,1.33,41.0,6666AWM,0
780,2,28.0,6666AWM,0
781,2866.69,null,6666AWM,0
782,0,100.0,6666AWM,0
783,0,100.0,6666AWM,0
784,0.33,2.0,6666AWM,0
785,983.4,32.0,6666AWM,0
786,0,100.0,6666AWM,0
787,6,58.0,6666AWM,null
788,0,100.0,6666AWM,0
789,1,16.0,6666AWM,0
790,1,17.0,6666AWM,0
791,6,null,6666AWM,0
792,1,2.0,6666AWM,0
793,1,13.0,6666AWM,0
794,0,100.0,6666AWM,0
795,6,30.0,6666AWM,0
796,6,45.0,6666AWM,0
797,3,64.0,6666AWM,0
798,1,89.0,6666AWM,0
799,0,100.0,6666AWM,0
800,2,57.0,6666AWM,0
801,1488.08,null,6666AWM,0
802,1488.08,66.0,6666AWM,0
803,983.4,32.0,6666AWM,0
804,1026,61.0,6666AWM,null
805,5310.56,55.0,6666AWM,0
806,3289.5,59.0,6666AWM,0
807,8600.06,60.0,6666AWM,0
808,1770.19,27.0,6666AWM,0
809,1096.5,36.0,6666AWM,0
810,599.01,0.3,6666AWM,0
811,4,null,6666AWM,0
812,0,100.0,6666AWM,0
813,4,67.0,6666AWM,0
814,748.2,55.0,6666AWM,0
815,0,100.0,6666AWM,0
816,5.67,null,WhosYourPapi,0
817,40,3.0,WhosYourPapi,0
818,7714.71,34.0,WhosYourPapi,0
819,5,54.0,WhosYourPapi,0
820,2,4.9,WhosYourPapi,null
821,0.67,8.0,WhosYourPapi,0
822,3,21.0,WhosYourPapi,0
823,60,8.0,WhosYourPapi,0
824,3,69.0,WhosYourPapi,0
825,1530,8.7205,WhosYourPapi,null
826,1530.44,10.0,WhosYourPapi,0
827,0,100.0,WhosYourPapi,0
828,348.57,11.0,WhosYourPapi,0
829,1.4,null,WhosYourPapi,0
830,1.8,27.0,WhosYourPapi,0
831,3.4,9.0,WhosYourPapi,0
832,4589.85,null,WhosYourPapi,0
833,0,100.0,WhosYourPapi,0
834,0,100.0,WhosYourPapi,0
835,0,100.0,WhosYourPapi,0
836,1542.94,7.0,WhosYourPapi,0
837,0.6,8.0,WhosYourPapi,0
838,17,28.0,WhosYourPapi,null
839,2,17.0,WhosYourPapi,0
840,0,100.0,WhosYourPapi,0
841,0,100.0,WhosYourPapi,0
842,7,null,WhosYourPapi,0
843,0.41,11.0,WhosYourPapi,0
844,0,100.0,WhosYourPapi,0
845,0,100.0,WhosYourPapi,0
846,1,79.0,WhosYourPapi,0
847,1,85.0,WhosYourPapi,0
848,6,29.0,WhosYourPapi,0
849,1,89.0,WhosYourPapi,0
850,0,100.0,WhosYourPapi,0
851,2,57.0,WhosYourPapi,0
852,1848.06,null,WhosYourPapi,0
853,1848.06,29.0,WhosYourPapi,0
854,1542.94,7.0,WhosYourPapi,0
855,1290,8.0,WhosYourPapi,null
856,7513.46,45.0,WhosYourPapi,0
857,15435.79,20.0,WhosYourPapi,0
858,22949.25,33.0,WhosYourPapi,0
859,1502.69,39.0,WhosYourPapi,0
860,3087.16,6.0,WhosYourPapi,0
861,132.7,40.0,WhosYourPapi,0
862,9,null,WhosYourPapi,0
863,0,100.0,WhosYourPapi,0
864,18,28.0,WhosYourPapi,0
865,1742.86,32.0,WhosYourPapi,0
866,0,100.0,WhosYourPapi,0
867,3.95,null,iiiiiiitiancai,1755
868,16,8.0,iiiiiiitiancai,1834
869,26669.64,7.0,iiiiiiitiancai,36567
870,25,12.0,iiiiiiitiancai,57772
871,4,0.6,iiiiiiitiancai,null
872,0.44,12.0,iiiiiiitiancai,9872
873,9,2.1,iiiiiiitiancai,11612
874,36,16.0,iiiiiiitiancai,4353
875,21,15.0,iiiiiiitiancai,69320
876,2104,0.1296,iiiiiiitiancai,null
877,2103.77,0.4,iiiiiiitiancai,1061
878,0,100.0,iiiiiiitiancai,0
879,384.46,9.0,iiiiiiitiancai,1816
880,1.2,null,iiiiiiitiancai,1923
881,1.6,32.0,iiiiiiitiancai,25669
882,3.32,10.0,iiiiiiitiancai,1985
883,2850.24,null,iiiiiiitiancai,20841
884,0,100.0,iiiiiiitiancai,1
885,0,100.0,iiiiiiitiancai,33253
886,0,100.0,iiiiiiitiancai,41004
887,1066.79,25.0,iiiiiiitiancai,8143
888,0.36,16.0,iiiiiiitiancai,4353
889,83,1.4,iiiiiiitiancai,null
890,1,39.0,iiiiiiitiancai,63816
891,0,100.0,iiiiiiitiancai,41004
892,0,100.0,iiiiiiitiancai,41004
893,30,null,iiiiiiitiancai,4771
894,0.36,14.0,iiiiiiitiancai,7758
895,0,100.0,iiiiiiitiancai,33339
896,0,100.0,iiiiiiitiancai,33253
897,25,1.7,iiiiiiitiancai,7385
898,36,3.5,iiiiiiitiancai,17472
899,10,7.0,iiiiiiitiancai,8474
900,2,25.0,iiiiiiitiancai,10421
901,0,100.0,iiiiiiitiancai,0
902,5,9.0,iiiiiiitiancai,52387
903,1932,null,iiiiiiitiancai,31618
904,1932,13.0,iiiiiiitiancai,31618
905,1066.79,25.0,iiiiiiitiancai,9908
906,1732,0.3,iiiiiiitiancai,null
907,47670.74,3.4,iiiiiiitiancai,31957
908,23585.16,12.0,iiiiiiitiancai,52567
909,71255.91,8.0,iiiiiiitiancai,41040
910,1906.83,22.0,iiiiiiitiancai,9167
911,943.41,42.0,iiiiiiitiancai,40595
912,490.36,0.7,iiiiiiitiancai,2048
913,40,null,iiiiiiitiancai,43549
914,0,100.0,iiiiiiitiancai,1
915,64,3.6,iiiiiiitiancai,18984
916,9611.51,1.6,iiiiiiitiancai,11273
917,0,100.0,iiiiiiitiancai,1
918,2.8,null,BiliBiliYoonA,0
919,0,100.0,BiliBiliYoonA,0
920,6304.56,40.0,BiliBiliYoonA,0
921,10,34.0,BiliBiliYoonA,0
922,0,100.0,BiliBiliYoonA,null
923,0,100.0,BiliBiliYoonA,0
924,1,62.0,BiliBiliYoonA,0
925,10,52.0,BiliBiliYoonA,0
926,10,33.0,BiliBiliYoonA,0
927,1251,51.6893,BiliBiliYoonA,null
928,1290.15,43.0,BiliBiliYoonA,0
929,0,100.0,BiliBiliYoonA,0
930,310.85,14.0,BiliBiliYoonA,0
931,0.5,null,BiliBiliYoonA,0
932,1.9,25.0,BiliBiliYoonA,0
933,2.8,14.0,BiliBiliYoonA,0
934,2275.46,null,BiliBiliYoonA,0
935,0,100.0,BiliBiliYoonA,0
936,0.1,6.0,BiliBiliYoonA,0
937,0,100.0,BiliBiliYoonA,0
938,630.46,75.0,BiliBiliYoonA,0
939,0.1,52.0,BiliBiliYoonA,0
940,28,15.0,BiliBiliYoonA,null
941,2,17.0,BiliBiliYoonA,0
942,0,100.0,BiliBiliYoonA,0
943,0,100.0,BiliBiliYoonA,0
944,5,null,BiliBiliYoonA,0
945,0.18,46.0,BiliBiliYoonA,0
946,0,100.0,BiliBiliYoonA,0
947,1,13.0,BiliBiliYoonA,0
948,9,18.0,BiliBiliYoonA,0
949,28,7.0,BiliBiliYoonA,0
950,13,1.7,BiliBiliYoonA,0
951,5,0.4,BiliBiliYoonA,0
952,0,100.0,BiliBiliYoonA,0
953,2,57.0,BiliBiliYoonA,0
954,1636.78,null,BiliBiliYoonA,0
955,1636.78,54.0,BiliBiliYoonA,0
956,630.46,75.0,BiliBiliYoonA,0
957,1010,72.0,BiliBiliYoonA,null
958,10284.15,35.0,BiliBiliYoonA,0
959,12470.45,25.0,BiliBiliYoonA,0
960,22754.59,33.0,BiliBiliYoonA,0
961,1028.42,68.0,BiliBiliYoonA,0
962,1247.04,31.0,BiliBiliYoonA,0
963,65.29,60.0,BiliBiliYoonA,0
964,19,null,BiliBiliYoonA,0
965,0,100.0,BiliBiliYoonA,0
966,21,24.0,BiliBiliYoonA,0
967,3108.49,17.0,BiliBiliYoonA,0
968,0,100.0,BiliBiliYoonA,0
969,0,null,DAXUEBIHAHAHAHA,0
970,100,1.3,DAXUEBIHAHAHAHA,0
971,1741.32,76.0,DAXUEBIHAHAHAHA,0
972,1,100.0,DAXUEBIHAHAHAHA,0
973,1,21.0,DAXUEBIHAHAHAHA,null
974,1,7.0,DAXUEBIHAHAHAHA,0
975,1,62.0,DAXUEBIHAHAHAHA,0
976,100,6.0,DAXUEBIHAHAHAHA,0
977,0,100.0,DAXUEBIHAHAHAHA,0
978,1344,28.0168,DAXUEBIHAHAHAHA,null
979,1343.65,31.0,DAXUEBIHAHAHAHA,0
980,0,100.0,DAXUEBIHAHAHAHA,0
981,968.73,0.5,DAXUEBIHAHAHAHA,0
982,6,null,DAXUEBIHAHAHAHA,0
983,0,100.0,DAXUEBIHAHAHAHA,0
984,10,0.4,DAXUEBIHAHAHAHA,0
985,6693.1,null,DAXUEBIHAHAHAHA,0
986,0,100.0,DAXUEBIHAHAHAHA,0
987,0,100.0,DAXUEBIHAHAHAHA,0
988,0,100.0,DAXUEBIHAHAHAHA,0
989,1741.32,3.0,DAXUEBIHAHAHAHA,0
990,1,6.0,DAXUEBIHAHAHAHA,0
991,10,43.0,DAXUEBIHAHAHAHA,null
992,0,100.0,DAXUEBIHAHAHAHA,0
993,0,100.0,DAXUEBIHAHAHAHA,0
994,0,100.0,DAXUEBIHAHAHAHA,0
995,6,null,DAXUEBIHAHAHAHA,0
996,0.6,4.1,DAXUEBIHAHAHAHA,0
997,0,100.0,DAXUEBIHAHAHAHA,0
998,0,100.0,DAXUEBIHAHAHAHA,0
999,10,15.0,DAXUEBIHAHAHAHA,0
1000,10,30.0,DAXUEBIHAHAHAHA,0
1001,10,7.0,DAXUEBIHAHAHAHA,0
1002,1,89.0,DAXUEBIHAHAHAHA,0
1003,0,100.0,DAXUEBIHAHAHAHA,0
1004,1,100.0,DAXUEBIHAHAHAHA,0
1005,1741.32,null,DAXUEBIHAHAHAHA,0
1006,1741.32,44.0,DAXUEBIHAHAHAHA,0
1007,1741.32,3.0,DAXUEBIHAHAHAHA,0
1008,1119,29.0,DAXUEBIHAHAHAHA,null
1009,4980.99,57.0,DAXUEBIHAHAHAHA,0
1010,1712.11,70.0,DAXUEBIHAHAHAHA,0
1011,6693.1,67.0,DAXUEBIHAHAHAHA,0
1012,4980.99,0.4,DAXUEBIHAHAHAHA,0
1013,1712.11,20.0,DAXUEBIHAHAHAHA,0
1014,261.2,11.0,DAXUEBIHAHAHAHA,0
1015,0,null,DAXUEBIHAHAHAHA,0
1016,0,100.0,DAXUEBIHAHAHAHA,0
1017,3,73.0,DAXUEBIHAHAHAHA,0
1018,968.73,48.0,DAXUEBIHAHAHAHA,0
1019,0,100.0,DAXUEBIHAHAHAHA,0
1020,2.1,null,hOhO,11852
1021,7.14,14.0,hOhO,8847
1022,56614.11,0.9,hOhO,7602
1023,42,4.7,hOhO,26167
1024,3,1.5,hOhO,516
1025,0.16,18.0,hOhO,31798
1026,19,0.2,hOhO,2223
1027,45.24,13.0,hOhO,1677
1028,39,6.0,hOhO,28672
1029,2139,0.2,hOhO,599
1030,2159.38,0.3,hOhO,672
1031,149,0.2,hOhO,0
1032,235.73,25.0,hOhO,11942
1033,0.36,null,hOhO,24728
1034,6,2.3,hOhO,158
1035,1.95,28.0,hOhO,12751
1036,2906.51,null,hOhO,19537
1037,0,100.0,hOhO,1
1038,0.02,12.0,hOhO,24774
1039,0,100.0,hOhO,41004
1040,1347.96,12.0,hOhO,996
1041,0.45,13.0,hOhO,1677
1042,82,1.4,hOhO,3905
1043,2,17.0,hOhO,43214
1044,0,100.0,hOhO,41004
1045,0,100.0,hOhO,41004
1046,15,null,hOhO,16373
1047,0.18,46.0,hOhO,62197
1048,1,13.0,hOhO,10764
1049,1,13.0,hOhO,10920
1050,0,100.0,hOhO,91680
1051,26,8.0,hOhO,29190
1052,8,14.0,hOhO,18581
1053,1,89.0,hOhO,55082
1054,0,100.0,hOhO,0
1055,6,4.1,hOhO,38100
1056,2180.08,null,hOhO,2139
1057,2180.08,0.8,hOhO,2139
1058,1347.96,12.0,hOhO,1433
1059,1790,0.2,hOhO,516
1060,72600.38,1.1,hOhO,13827
1061,49473.2,2.9,hOhO,19447
1062,122073.6,2.3,hOhO,15688
1063,1728.58,29.0,hOhO,14983
1064,1177.93,33.0,hOhO,28308
1065,271.28,10.0,hOhO,24376
1066,252,null,hOhO,588
1067,0,100.0,hOhO,1
1068,158,0.2,hOhO,2199
1069,9900.47,1.4,hOhO,10521
1070,0,100.0,hOhO,1
1071,0,100.0,Chinese-JK,0
1072,0,100.0,Chinese-JK,0
1073,122.2,100.0,Chinese-JK,0
1074,1,100.0,Chinese-JK,0
1075,0,100.0,Chinese-JK,null
1076,0,100.0,Chinese-JK,0
1077,0,100.0,Chinese-JK,0
1078,0,100.0,Chinese-JK,0
1079,1,99.0,Chinese-JK,0
1080,1177,91.224,Chinese-JK,null
1081,1200,100.0,Chinese-JK,0
1082,0,100.0,Chinese-JK,0
1083,0,100.0,Chinese-JK,0
1084,0,100.0,Chinese-JK,0
1085,0,100.0,Chinese-JK,0
1086,0,100.0,Chinese-JK,0
1087,0,100.0,Chinese-JK,0
1088,0,100.0,Chinese-JK,0
1089,0,100.0,Chinese-JK,0
1090,0,100.0,Chinese-JK,0
1091,122.2,100.0,Chinese-JK,0
1092,0,100.0,Chinese-JK,0
1093,0,100.0,Chinese-JK,null
1094,0,100.0,Chinese-JK,0
1095,0,100.0,Chinese-JK,0
1096,0,100.0,Chinese-JK,0
1097,0,100.0,Chinese-JK,0
1098,0,100.0,Chinese-JK,0
1099,0,100.0,Chinese-JK,0
1100,0,100.0,Chinese-JK,0
1101,0,100.0,Chinese-JK,0
1102,0,100.0,Chinese-JK,0
1103,0,100.0,Chinese-JK,0
1104,0,100.0,Chinese-JK,0
1105,0,100.0,Chinese-JK,0
1106,1,100.0,Chinese-JK,0
1107,122.2,100.0,Chinese-JK,0
1108,122.2,100.0,Chinese-JK,0
1109,122.2,100.0,Chinese-JK,0
1110,980,92.0,Chinese-JK,null
1111,0,100.0,Chinese-JK,0
1112,0,100.0,Chinese-JK,0
1113,0,100.0,Chinese-JK,0
1114,0,100.0,Chinese-JK,0
1115,0,100.0,Chinese-JK,0
1116,0,100.0,Chinese-JK,0
1117,0,100.0,Chinese-JK,0
1118,0,100.0,Chinese-JK,0
1119,0,100.0,Chinese-JK,0
1120,0,100.0,Chinese-JK,0
1121,0,100.0,Chinese-JK,0
1122,1.5,null,TToggie,0
1123,0,100.0,TToggie,0
1124,2187.64,69.0,TToggie,0
1125,2,82.0,TToggie,0
1126,0,100.0,TToggie,null
1127,0,100.0,TToggie,0
1128,0,100.0,TToggie,0
1129,0,100.0,TToggie,0
1130,2,81.0,TToggie,0
1131,1239,56.2155,TToggie,null
1132,1239.11,63.0,TToggie,0
1133,0,100.0,TToggie,0
1134,202.62,32.0,TToggie,0
1135,0.5,null,TToggie,0
1136,5.5,2.6,TToggie,0
1137,1.5,40.0,TToggie,0
1138,5375.24,null,TToggie,0
1139,0,100.0,TToggie,0
1140,0,100.0,TToggie,0
1141,0,100.0,TToggie,0
1142,1093.82,23.0,TToggie,0
1143,0,100.0,TToggie,0
1144,3,73.0,TToggie,null
1145,0,100.0,TToggie,0
1146,0,100.0,TToggie,0
1147,0,100.0,TToggie,0
1148,1,null,TToggie,0
1149,0.33,20.0,TToggie,0
1150,0,100.0,TToggie,0
1151,0,100.0,TToggie,0
1152,3,52.0,TToggie,0
1153,3,65.0,TToggie,0
1154,2,77.0,TToggie,0
1155,1,89.0,TToggie,0
1156,0,100.0,TToggie,0
1157,1,100.0,TToggie,0
1158,1238.75,null,TToggie,0
1159,1238.75,76.0,TToggie,0
1160,1093.82,23.0,TToggie,0
1161,1031,58.0,TToggie,null
1162,1734.58,82.0,TToggie,0
1163,9015.91,34.0,TToggie,0
1164,10750.49,54.0,TToggie,0
1165,867.29,77.0,TToggie,0
1166,4507.96,2.0,TToggie,0
1167,24.21,74.0,TToggie,0
1168,11,null,TToggie,0
1169,0,100.0,TToggie,0
1170,2,79.0,TToggie,0
1171,405.24,69.0,TToggie,0
1172,0,100.0,TToggie,0
1173,5.33,null,SUMOMOXqX,749
1174,33.33,4.3,SUMOMOXqX,238
1175,30266.74,4.9,SUMOMOXqX,29297
1176,18,19.0,SUMOMOXqX,84810
1177,6,0.2,SUMOMOXqX,null
1178,0.38,13.0,SUMOMOXqX,11643
1179,16,0.4,SUMOMOXqX,3356
1180,88.89,6.0,SUMOMOXqX,6
1181,12,28.0,SUMOMOXqX,101417
1182,2240,0.023,SUMOMOXqX,null
1183,2239.7,0.2,SUMOMOXqX,329
1184,0,100.0,SUMOMOXqX,0
1185,425.06,7.0,SUMOMOXqX,1218
1186,0.94,null,SUMOMOXqX,2896
1187,4.06,4.7,SUMOMOXqX,616
1188,3.56,8.0,SUMOMOXqX,1537
1189,8434.63,null,SUMOMOXqX,35
1190,0,100.0,SUMOMOXqX,1
1191,0.22,2.3,SUMOMOXqX,131
1192,0,100.0,SUMOMOXqX,41004
1193,1681.49,3.7,SUMOMOXqX,23
1194,0.89,6.0,SUMOMOXqX,6
1195,64,2.8,SUMOMOXqX,null
1196,1,39.0,SUMOMOXqX,63816
1197,0,100.0,SUMOMOXqX,41004
1198,0,100.0,SUMOMOXqX,41004
1199,17,null,SUMOMOXqX,13208
1200,0.27,26.0,SUMOMOXqX,27173
1201,1,13.0,SUMOMOXqX,10764
1202,4,0.3,SUMOMOXqX,879
1203,1,79.0,SUMOMOXqX,82412
1204,1,85.0,SUMOMOXqX,95199
1205,8,14.0,SUMOMOXqX,18581
1206,2,25.0,SUMOMOXqX,10421
1207,0,100.0,SUMOMOXqX,0
1208,6,4.1,SUMOMOXqX,38100
1209,1965.41,null,SUMOMOXqX,18114
1210,1965.41,7.0,SUMOMOXqX,18114
1211,1681.49,3.7,SUMOMOXqX,32
1212,1868,0.1,SUMOMOXqX,null
1213,45882.12,3.7,SUMOMOXqX,34122
1214,105941.3,0.4,SUMOMOXqX,4234
1215,151823.4,1.3,SUMOMOXqX,9804
1216,2549.01,10.0,SUMOMOXqX,1335
1217,5885.63,0.8,SUMOMOXqX,59
1218,274.67,10.0,SUMOMOXqX,23524
1219,73,null,SUMOMOXqX,15877
1220,0,100.0,SUMOMOXqX,1
1221,77,2.2,SUMOMOXqX,12813
1222,7651.06,2.9,SUMOMOXqX,18393
1223,0,100.0,SUMOMOXqX,1
1224,2.67,null,SHOWusURmoveS,0
1225,40,3.0,SHOWusURmoveS,0
1226,6848.49,38.0,SHOWusURmoveS,0
1227,5,54.0,SHOWusURmoveS,0
1228,2,4.9,SHOWusURmoveS,null
1229,1,7.0,SHOWusURmoveS,0
1230,2,35.0,SHOWusURmoveS,0
1231,40,15.0,SHOWusURmoveS,0
1232,3,69.0,SHOWusURmoveS,0
1233,1478,8.5273,SHOWusURmoveS,null
1234,1478.29,13.0,SHOWusURmoveS,0
1235,0,100.0,SHOWusURmoveS,0
1236,149.86,50.0,SHOWusURmoveS,0
1237,0.2,null,SHOWusURmoveS,0
1238,3,12.0,SHOWusURmoveS,0
1239,1.6,36.0,SHOWusURmoveS,0
1240,4851.1,null,SHOWusURmoveS,0
1241,0,100.0,SHOWusURmoveS,0
1242,0,100.0,SHOWusURmoveS,0
1243,0,100.0,SHOWusURmoveS,0
1244,1369.7,11.0,SHOWusURmoveS,0
1245,0.4,15.0,SHOWusURmoveS,0
1246,8,50.0,SHOWusURmoveS,null
1247,2,17.0,SHOWusURmoveS,0
1248,0,100.0,SHOWusURmoveS,0
1249,0,100.0,SHOWusURmoveS,0
1250,1,null,SHOWusURmoveS,0
1251,0.12,58.0,SHOWusURmoveS,0
1252,0,100.0,SHOWusURmoveS,0
1253,0,100.0,SHOWusURmoveS,0
1254,8,21.0,SHOWusURmoveS,0
1255,8,36.0,SHOWusURmoveS,0
1256,5,39.0,SHOWusURmoveS,0
1257,1,89.0,SHOWusURmoveS,0
1258,0,100.0,SHOWusURmoveS,0
1259,2,57.0,SHOWusURmoveS,0
1260,1955.68,null,SHOWusURmoveS,0
1261,1955.68,10.0,SHOWusURmoveS,0
1262,1369.7,11.0,SHOWusURmoveS,0
1263,1255,10.0,SHOWusURmoveS,null
1264,10471.47,34.0,SHOWusURmoveS,0
1265,13784.01,23.0,SHOWusURmoveS,0
1266,24255.48,31.0,SHOWusURmoveS,0
1267,2094.3,17.0,SHOWusURmoveS,0
1268,2756.8,8.0,SHOWusURmoveS,0
1269,127.32,42.0,SHOWusURmoveS,0
1270,15,null,SHOWusURmoveS,0
1271,0,100.0,SHOWusURmoveS,0
1272,21,24.0,SHOWusURmoveS,0
1273,749.32,55.0,SHOWusURmoveS,0
1274,0,100.0,SHOWusURmoveS,0
1275,4.89,null,xxwb6411,0
1276,10,12.0,xxwb6411,0
1277,13111.2,20.0,xxwb6411,0
1278,10,34.0,xxwb6411,0
1279,1,21.0,xxwb6411,null
1280,0.33,15.0,xxwb6411,0
1281,3,21.0,xxwb6411,0
1282,30,22.0,xxwb6411,0
1283,9,36.0,xxwb6411,0
1284,1610,5.2575,xxwb6411,null
1285,1610.24,6.0,xxwb6411,0
1286,0,100.0,xxwb6411,0
1287,555.83,3.2,xxwb6411,0
1288,2.1,null,xxwb6411,0
1289,1.1,48.0,xxwb6411,0
1290,4.4,4.7,xxwb6411,0
1291,4230.22,null,xxwb6411,0
1292,0,100.0,xxwb6411,0
1293,0,100.0,xxwb6411,0
1294,0,100.0,xxwb6411,0
1295,1311.12,13.0,xxwb6411,0
1296,0.3,22.0,xxwb6411,0
1297,44,7.0,xxwb6411,null
1298,1,39.0,xxwb6411,0
1299,0,100.0,xxwb6411,0
1300,0,100.0,xxwb6411,0
1301,21,null,xxwb6411,0
1302,0.48,9.0,xxwb6411,0
1303,0,100.0,xxwb6411,0
1304,0,100.0,xxwb6411,0
1305,29,1.1,xxwb6411,0
1306,29,6.0,xxwb6411,0
1307,12,2.6,xxwb6411,0
1308,2,25.0,xxwb6411,0
1309,0,100.0,xxwb6411,0
1310,3,32.0,xxwb6411,0
1311,1886.54,null,xxwb6411,0
1312,1886.54,21.0,xxwb6411,0
1313,1311.12,13.0,xxwb6411,0
1314,1327,6.0,xxwb6411,null
1315,22253,15.0,xxwb6411,0
1316,20049.19,15.0,xxwb6411,0
1317,42302.19,17.0,xxwb6411,0
1318,2225.3,15.0,xxwb6411,0
1319,2004.92,15.0,xxwb6411,0
1320,542.54,0.4,xxwb6411,0
1321,11,null,xxwb6411,0
1322,0,100.0,xxwb6411,0
1323,19,26.0,xxwb6411,0
1324,5558.3,7.0,xxwb6411,0
1325,0,100.0,xxwb6411,0
1326,2,null,hahachinalin,0
1327,0,100.0,hahachinalin,0
1328,8593.81,31.0,hahachinalin,0
1329,9,37.0,hahachinalin,0
1330,0,100.0,hahachinalin,null
1331,0,100.0,hahachinalin,0
1332,1,62.0,hahachinalin,0
1333,11.11,50.0,hahachinalin,0
1334,9,36.0,hahachinalin,0
1335,1338,29.0972,hahachinalin,null
1336,1337.98,32.0,hahachinalin,0
1337,0,100.0,hahachinalin,0
1338,234.07,25.0,hahachinalin,0
1339,0.11,null,hahachinalin,0
1340,1.22,44.0,hahachinalin,0
1341,2,28.0,hahachinalin,0
1342,2537.94,null,hahachinalin,0
1343,0,100.0,hahachinalin,0
1344,0,100.0,hahachinalin,0
1345,0,100.0,hahachinalin,0
1346,954.87,34.0,hahachinalin,0
1347,0.11,50.0,hahachinalin,0
1348,18,27.0,hahachinalin,null
1349,2,17.0,hahachinalin,0
1350,0,100.0,hahachinalin,0
1351,0,100.0,hahachinalin,0
1352,1,null,hahachinalin,0
1353,0.06,65.0,hahachinalin,0
1354,0,100.0,hahachinalin,0
1355,0,100.0,hahachinalin,0
1356,2,64.0,hahachinalin,0
1357,4,57.0,hahachinalin,0
1358,5,39.0,hahachinalin,0
1359,1,89.0,hahachinalin,0
1360,0,100.0,hahachinalin,0
1361,6,4.1,hahachinalin,0
1362,1615.41,null,hahachinalin,0
1363,1615.41,56.0,hahachinalin,0
1364,954.87,34.0,hahachinalin,0
1365,1102,33.0,hahachinalin,null
1366,12855.23,29.0,hahachinalin,0
1367,9986.2,31.0,hahachinalin,0
1368,22841.43,33.0,hahachinalin,0
1369,1428.36,43.0,hahachinalin,0
1370,1109.58,36.0,hahachinalin,0
1371,175.68,29.0,hahachinalin,0
1372,11,null,hahachinalin,0
1373,0,100.0,hahachinalin,0
1374,22,23.0,hahachinalin,0
1375,2106.64,27.0,hahachinalin,0
1376,0,100.0,hahachinalin,0
1377,7.71,null,Asus--1080Ti,0
1378,36.36,3.0,Asus--1080Ti,0
1379,12087.32,22.0,Asus--1080Ti,0
1380,11,31.0,Asus--1080Ti,0
1381,4,0.6,Asus--1080Ti,null
1382,1,7.0,Asus--1080Ti,0
1383,4,14.0,Asus--1080Ti,0
1384,36.36,16.0,Asus--1080Ti,0
1385,7,43.0,Asus--1080Ti,0
1386,1821,1.3247,Asus--1080Ti,null
1387,1820.52,1.8,Asus--1080Ti,0
1388,0,100.0,Asus--1080Ti,0
1389,641.18,2.1,Asus--1080Ti,0
1390,0.64,null,Asus--1080Ti,0
1391,0.64,69.0,Asus--1080Ti,0
1392,4.91,3.9,Asus--1080Ti,0
1393,3253.62,null,Asus--1080Ti,0
1394,0,100.0,Asus--1080Ti,0
1395,0,100.0,Asus--1080Ti,0
1396,0,100.0,Asus--1080Ti,0
1397,1098.85,23.0,Asus--1080Ti,0
1398,0.36,16.0,Asus--1080Ti,0
1399,54,4.3,Asus--1080Ti,null
1400,5,2.2,Asus--1080Ti,0
1401,0,100.0,Asus--1080Ti,0
1402,0,100.0,Asus--1080Ti,0
1403,7,null,Asus--1080Ti,0
1404,0.13,56.0,Asus--1080Ti,0
1405,0,100.0,Asus--1080Ti,0
1406,0,100.0,Asus--1080Ti,0
1407,27,1.4,Asus--1080Ti,0
1408,27,7.0,Asus--1080Ti,0
1409,12,2.6,Asus--1080Ti,0
1410,2,25.0,Asus--1080Ti,0
1411,0,100.0,Asus--1080Ti,0
1412,3,32.0,Asus--1080Ti,0
1413,1964.86,null,Asus--1080Ti,0
1414,1964.86,7.0,Asus--1080Ti,0
1415,1098.85,23.0,Asus--1080Ti,0
1416,1501,1.7,Asus--1080Ti,null
1417,23703.56,14.0,Asus--1080Ti,0
1418,12086.22,26.0,Asus--1080Ti,0
1419,35789.78,21.0,Asus--1080Ti,0
1420,2154.87,16.0,Asus--1080Ti,0
1421,1098.75,36.0,Asus--1080Ti,0
1422,386.97,2.1,Asus--1080Ti,0
1423,7,null,Asus--1080Ti,0
1424,0,100.0,Asus--1080Ti,0
1425,19,26.0,Asus--1080Ti,0
1426,7052.95,3.6,Asus--1080Ti,0
1427,0,100.0,Asus--1080Ti,0
1428,1.75,null,18yearsNoLove,0
1429,0,100.0,18yearsNoLove,0
1430,2677.28,65.0,18yearsNoLove,0
1431,4,61.0,18yearsNoLove,0
1432,0,100.0,18yearsNoLove,null
1433,0,100.0,18yearsNoLove,0
1434,1,62.0,18yearsNoLove,0
1435,25,29.0,18yearsNoLove,0
1436,4,60.0,18yearsNoLove,0
1437,1235,58.5146,18yearsNoLove,null
1438,1252.52,57.0,18yearsNoLove,0
1439,0,100.0,18yearsNoLove,0
1440,237.56,25.0,18yearsNoLove,0
1441,0.25,null,18yearsNoLove,0
1442,1,58.0,18yearsNoLove,0
1443,1.75,32.0,18yearsNoLove,0
1444,1411.43,null,18yearsNoLove,0
1445,0,100.0,18yearsNoLove,0
1446,0,100.0,18yearsNoLove,0
1447,0,100.0,18yearsNoLove,0
1448,669.32,70.0,18yearsNoLove,0
1449,0.25,29.0,18yearsNoLove,0
1450,7,53.0,18yearsNoLove,null
1451,1,39.0,18yearsNoLove,0
1452,0,100.0,18yearsNoLove,0
1453,0,100.0,18yearsNoLove,0
1454,1,null,18yearsNoLove,0
1455,0.14,55.0,18yearsNoLove,0
1456,0,100.0,18yearsNoLove,0
1457,0,100.0,18yearsNoLove,0
1458,2,64.0,18yearsNoLove,0
1459,2,74.0,18yearsNoLove,0
1460,5,39.0,18yearsNoLove,0
1461,1,89.0,18yearsNoLove,0
1462,0,100.0,18yearsNoLove,0
1463,3,32.0,18yearsNoLove,0
1464,1862.66,null,18yearsNoLove,0
1465,1862.66,27.0,18yearsNoLove,0
1466,669.32,70.0,18yearsNoLove,0
1467,1022,63.0,18yearsNoLove,null
1468,5115.56,56.0,18yearsNoLove,0
1469,530.18,79.0,18yearsNoLove,0
1470,5645.74,71.0,18yearsNoLove,0
1471,1278.89,52.0,18yearsNoLove,0
1472,132.54,79.0,18yearsNoLove,0
1473,105.29,48.0,18yearsNoLove,0
1474,4,null,18yearsNoLove,0
1475,0,100.0,18yearsNoLove,0
1476,10,44.0,18yearsNoLove,0
1477,950.24,49.0,18yearsNoLove,0
1478,0,100.0,18yearsNoLove,0
1479,1,null,SonTungEmTiPi,0
1480,0,100.0,SonTungEmTiPi,0
1481,1235.71,85.0,SonTungEmTiPi,0
1482,2,82.0,SonTungEmTiPi,0
1483,0,100.0,SonTungEmTiPi,null
1484,0,100.0,SonTungEmTiPi,0
1485,0,100.0,SonTungEmTiPi,0
1486,0,100.0,SonTungEmTiPi,0
1487,2,81.0,SonTungEmTiPi,0
1488,1174,92.2176,SonTungEmTiPi,null
1489,1200,100.0,SonTungEmTiPi,0
1490,0,100.0,SonTungEmTiPi,0
1491,117.03,63.0,SonTungEmTiPi,0
1492,1,null,SonTungEmTiPi,0
1493,0,100.0,SonTungEmTiPi,0
1494,1,64.0,SonTungEmTiPi,0
1495,151.02,null,SonTungEmTiPi,0
1496,0,100.0,SonTungEmTiPi,0
1497,0,100.0,SonTungEmTiPi,0
1498,0,100.0,SonTungEmTiPi,0
1499,617.86,76.0,SonTungEmTiPi,0
1500,0,100.0,SonTungEmTiPi,0
1501,2,80.0,SonTungEmTiPi,null
1502,0,100.0,SonTungEmTiPi,0
1503,0,100.0,SonTungEmTiPi,0
1504,0,100.0,SonTungEmTiPi,0
1505,2,null,SonTungEmTiPi,0
1506,1,2.0,SonTungEmTiPi,0
1507,0,100.0,SonTungEmTiPi,0
1508,0,100.0,SonTungEmTiPi,0
1509,2,64.0,SonTungEmTiPi,0
1510,2,74.0,SonTungEmTiPi,0
1511,2,77.0,SonTungEmTiPi,0
1512,1,89.0,SonTungEmTiPi,0
1513,0,100.0,SonTungEmTiPi,0
1514,2,57.0,SonTungEmTiPi,0
1515,856.88,null,SonTungEmTiPi,0
1516,856.88,86.0,SonTungEmTiPi,0
1517,617.86,76.0,SonTungEmTiPi,0
1518,972,95.0,SonTungEmTiPi,null
1519,302.03,95.0,SonTungEmTiPi,0
1520,0,100.0,SonTungEmTiPi,0
1521,302.03,95.0,SonTungEmTiPi,0
1522,151.02,96.0,SonTungEmTiPi,0
1523,0,100.0,SonTungEmTiPi,0
1524,29.9,72.0,SonTungEmTiPi,0
1525,0,null,SonTungEmTiPi,0
1526,0,100.0,SonTungEmTiPi,0
1527,0,100.0,SonTungEmTiPi,0
1528,234.05,79.0,SonTungEmTiPi,0
1529,0,100.0,SonTungEmTiPi,0
1530,2.67,null,NasiKEBULI,0
1531,0,100.0,NasiKEBULI,0
1532,3123.28,61.0,NasiKEBULI,0
1533,3,70.0,NasiKEBULI,0
1534,0,100.0,NasiKEBULI,null
1535,0,100.0,NasiKEBULI,0
1536,0,100.0,NasiKEBULI,0
1537,0,100.0,NasiKEBULI,0
1538,3,69.0,NasiKEBULI,0
1539,1260,48.322,NasiKEBULI,null
1540,1259.8,53.0,NasiKEBULI,0
1541,0,100.0,NasiKEBULI,0
1542,328.07,13.0,NasiKEBULI,0
1543,1,null,NasiKEBULI,0
1544,2.33,17.0,NasiKEBULI,0
1545,2.67,16.0,NasiKEBULI,0
1546,4450.12,null,NasiKEBULI,0
1547,0,100.0,NasiKEBULI,0
1548,0,100.0,NasiKEBULI,0
1549,0,100.0,NasiKEBULI,0
1550,1041.09,27.0,NasiKEBULI,0
1551,0,100.0,NasiKEBULI,0
1552,8,50.0,NasiKEBULI,null
1553,1,39.0,NasiKEBULI,0
1554,0,100.0,NasiKEBULI,0
1555,0,100.0,NasiKEBULI,0
1556,3,null,NasiKEBULI,0
1557,0.38,13.0,NasiKEBULI,0
1558,0,100.0,NasiKEBULI,0
1559,0,100.0,NasiKEBULI,0
1560,8,21.0,NasiKEBULI,0
1561,8,36.0,NasiKEBULI,0
1562,5,39.0,NasiKEBULI,0
1563,3,3.8,NasiKEBULI,0
1564,0,100.0,NasiKEBULI,0
1565,1,100.0,NasiKEBULI,0
1566,1493.31,null,NasiKEBULI,0
1567,1493.31,65.0,NasiKEBULI,0
1568,1041.09,27.0,NasiKEBULI,0
1569,1042,52.0,NasiKEBULI,null
1570,8087.66,42.0,NasiKEBULI,0
1571,5262.7,48.0,NasiKEBULI,0
1572,13350.36,48.0,NasiKEBULI,0
1573,2695.89,8.0,NasiKEBULI,0
1574,1754.24,19.0,NasiKEBULI,0
1575,12.27,80.0,NasiKEBULI,0
1576,7,null,NasiKEBULI,0
1577,0,100.0,NasiKEBULI,0
1578,4,67.0,NasiKEBULI,0
1579,984.22,48.0,NasiKEBULI,0
1580,0,100.0,NasiKEBULI,0
1581,5,null,SweetAssssss_,0
1582,25,6.0,SweetAssssss_,0
1583,8407.01,32.0,SweetAssssss_,0
1584,8,40.0,SweetAssssss_,0
1585,2,4.9,SweetAssssss_,null
1586,1,7.0,SweetAssssss_,0
1587,2,35.0,SweetAssssss_,0
1588,25,29.0,SweetAssssss_,0
1589,6,48.0,SweetAssssss_,0
1590,1520,9.2924,SweetAssssss_,null
1591,1520.22,10.0,SweetAssssss_,0
1592,0,100.0,SweetAssssss_,0
1593,405.6,8.0,SweetAssssss_,0
1594,2.62,null,SweetAssssss_,0
1595,0.75,65.0,SweetAssssss_,0
1596,3.75,8.0,SweetAssssss_,0
1597,2622.3,null,SweetAssssss_,0
1598,0,100.0,SweetAssssss_,0
1599,0,100.0,SweetAssssss_,0
1600,0.12,6.0,SweetAssssss_,0
1601,1050.88,26.0,SweetAssssss_,0
1602,0.25,29.0,SweetAssssss_,0
1603,30,14.0,SweetAssssss_,null
1604,1,39.0,SweetAssssss_,0
1605,1,16.0,SweetAssssss_,0
1606,1,17.0,SweetAssssss_,0
1607,21,null,SweetAssssss_,0
1608,0.7,2.7,SweetAssssss_,0
1609,0,100.0,SweetAssssss_,0
1610,0,100.0,SweetAssssss_,0
1611,8,21.0,SweetAssssss_,0
1612,8,36.0,SweetAssssss_,0
1613,11,4.0,SweetAssssss_,0
1614,2,25.0,SweetAssssss_,0
1615,0,100.0,SweetAssssss_,0
1616,3,32.0,SweetAssssss_,0
1617,1794.81,null,SweetAssssss_,0
1618,1794.81,36.0,SweetAssssss_,0
1619,1050.88,26.0,SweetAssssss_,0
1620,1257,10.0,SweetAssssss_,null
1621,20176.57,17.0,SweetAssssss_,0
1622,801.83,77.0,SweetAssssss_,0
1623,20978.4,35.0,SweetAssssss_,0
1624,2522.07,10.0,SweetAssssss_,0
1625,100.23,80.0,SweetAssssss_,0
1626,363.25,2.8,SweetAssssss_,0
1627,6,null,SweetAssssss_,0
1628,0,100.0,SweetAssssss_,0
1629,8,50.0,SweetAssssss_,0
1630,3244.76,16.0,SweetAssssss_,0
1631,0,100.0,SweetAssssss_,0
1632,6.13,2.6,supue-saye,488
1633,17.86,8.0,supue-saye,1402
1634,28192.54,3.2,supue-saye,33236
1635,28,7.0,supue-saye,49553
1636,5,0.3,supue-saye,null
1637,0.71,7.0,supue-saye,2296
1638,7,2.4,supue-saye,18721
1639,25,30.0,supue-saye,12905
1640,23,9.0,supue-saye,62169
1641,2203,0.0403,supue-saye,null
1642,2202.88,0.1,supue-saye,480
1643,0,100.0,supue-saye,0
1644,572.22,3.2,supue-saye,303
1645,4.36,0.3,supue-saye,77
1646,1.25,43.0,supue-saye,45080
1647,5.04,3.1,supue-saye,362
1648,2872.48,34.0,supue-saye,20346
1649,0,100.0,supue-saye,1
1650,0,100.0,supue-saye,33253
1651,0,100.0,supue-saye,41004
1652,1006.88,31.0,supue-saye,12135
1653,0.25,30.0,supue-saye,12905
1654,141,0.2,supue-saye,null
1655,1,39.0,supue-saye,63816
1656,0,100.0,supue-saye,41004
1657,0,100.0,supue-saye,41004
1658,122,0.1,supue-saye,445
1659,0.87,2.3,supue-saye,70
1660,0,100.0,supue-saye,33339
1661,0,100.0,supue-saye,33253
1662,38,0.4,supue-saye,2873
1663,38,2.1,supue-saye,15704
1664,16,0.3,supue-saye,669
1665,2,24.0,supue-saye,10421
1666,0,100.0,supue-saye,0
1667,7,1.7,supue-saye,26512
1668,1916.6,13.0,supue-saye,35617
1669,1916.6,13.0,supue-saye,35617
1670,1006.88,31.0,supue-saye,14155
1671,1790,0.1,supue-saye,null
1672,55661.05,2.3,supue-saye,24024
1673,24768.45,8.0,supue-saye,50101
1674,80429.5,3.4,supue-saye,33982
1675,1987.9,22.0,supue-saye,7231
1676,884.59,44.0,supue-saye,44340
1677,388.51,1.7,supue-saye,5853
1678,35,8.0,supue-saye,51047
1679,0,100.0,supue-saye,1
1680,74,1.2,supue-saye,14007
1681,16022.14,0.2,supue-saye,3334
1682,0,100.0,supue-saye,1
1683,1.55,null,R0b1n6,26958
1684,1.11,19.0,R0b1n6,41745
1685,69868.88,0.5,R0b1n6,28561
1686,90,0.7,R0b1n6,35634
1687,1,21.0,R0b1n6,null
1688,0.17,18.0,R0b1n6,41745
1689,6,6.0,R0b1n6,41982
1690,6.67,58.0,R0b1n6,54623
1691,89,0.7,R0b1n6,34393
1692,2107,0.1258,R0b1n6,null
1693,2115.51,0.3,R0b1n6,28320
1694,0,100.0,R0b1n6,0
1695,184.37,38.0,R0b1n6,21522
1696,0.71,null,R0b1n6,5924
1697,0.6,70.0,R0b1n6,91767
1698,1.53,37.0,R0b1n6,25174
1699,1506.81,null,R0b1n6,79696
1700,0,100.0,R0b1n6,1
1701,0.02,12.0,R0b1n6,21757
1702,0.03,14.0,R0b1n6,8012
1703,776.32,56.0,R0b1n6,26701
1704,0.07,57.0,R0b1n6,54625
1705,138,0.3,R0b1n6,null
1706,4,4.1,R0b1n6,63816
1707,3,0.8,R0b1n6,4019
1708,3,0.9,R0b1n6,4019
1709,64,null,R0b1n6,7148
1710,0.46,9.0,R0b1n6,3088
1711,2,2.7,R0b1n6,33339
1712,2,2.7,R0b1n6,10920
1713,17,5.0,R0b1n6,42721
1714,17,16.0,R0b1n6,12235
1715,10,7.0,R0b1n6,26785
1716,2,25.0,R0b1n6,10421
1717,0,100.0,R0b1n6,0
1718,10,0.1,R0b1n6,26512
1719,1958.92,null,R0b1n6,21701
1720,1958.92,9.0,R0b1n6,21701
1721,776.32,56.0,R0b1n6,28800
1722,1717,0.4,R0b1n6,null
1723,82609.61,0.7,R0b1n6,60940
1724,53003.56,2.5,R0b1n6,58785
1725,135613.2,1.8,R0b1n6,61696
1726,917.88,74.0,R0b1n6,82120
1727,588.93,59.0,R0b1n6,66390
1728,572.55,0.3,R0b1n6,979
1729,54,null,R0b1n6,79507
1730,0,100.0,R0b1n6,1
1731,52,6.0,R0b1n6,75186
1732,16592.91,0.3,R0b1n6,22529
1733,0,100.0,R0b1n6,1
1734,9,null,baise123,0
1735,50,2.8,baise123,0
1736,4114.7,53.0,baise123,0
1737,4,61.0,baise123,0
1738,2,4.9,baise123,null
1739,1,7.0,baise123,0
1740,2,35.0,baise123,0
1741,50,13.0,baise123,0
1742,2,81.0,baise123,0
1743,1438,15.4729,baise123,null
1744,1438.14,17.0,baise123,0
1745,0,100.0,baise123,0
1746,455.47,6.0,baise123,0
1747,2,null,baise123,0
1748,1.5,36.0,baise123,0
1749,4.5,4.6,baise123,0
1750,3392.58,null,baise123,0
1751,0,100.0,baise123,0
1752,0,100.0,baise123,0
1753,0,100.0,baise123,0
1754,1028.68,28.0,baise123,0
1755,0.5,13.0,baise123,0
1756,18,27.0,baise123,null
1757,1,39.0,baise123,0
1758,0,100.0,baise123,0
1759,0,100.0,baise123,0
1760,8,null,baise123,0
1761,0.44,10.0,baise123,0
1762,0,100.0,baise123,0
1763,0,100.0,baise123,0
1764,18,4.4,baise123,0
1765,18,14.0,baise123,0
1766,11,4.0,baise123,0
1767,1,89.0,baise123,0
1768,0,100.0,baise123,0
1769,1,100.0,baise123,0
1770,1905.96,null,baise123,0
1771,1905.96,17.0,baise123,0
1772,1028.68,28.0,baise123,0
1773,1198,15.0,baise123,null
1774,5270.57,55.0,baise123,0
1775,8299.77,36.0,baise123,0
1776,13570.34,48.0,baise123,0
1777,1317.64,50.0,baise123,0
1778,2074.94,14.0,baise123,0
1779,235.87,15.0,baise123,0
1780,6,null,baise123,0
1781,0,100.0,baise123,0
1782,17,29.0,baise123,0
1783,1821.89,31.0,baise123,0
1784,0,100.0,baise123,0
1785,3.82,null,dalang1992,1957
1786,12,10.0,dalang1992,3460
1787,19091.57,12.0,dalang1992,60074
1788,25,12.0,dalang1992,57772
1789,3,1.5,dalang1992,null
1790,0.6,8.0,dalang1992,3712
1791,5,9.0,dalang1992,31837
1792,20,35.0,dalang1992,22359
1793,22,14.0,dalang1992,65542
1794,1751,2.1047,dalang1992,null
1795,1795.02,2.0,dalang1992,8207
1796,0,100.0,dalang1992,0
1797,373.76,10.0,dalang1992,2029
1798,0.68,null,dalang1992,6053
1799,1,58.0,dalang1992,62409
1800,3.36,9.0,dalang1992,1902
1801,2129.57,null,dalang1992,46257
1802,0,100.0,dalang1992,1
1803,0.04,10.0,dalang1992,14903
1804,0.08,8.0,dalang1992,3039
1805,763.66,58.0,dalang1992,46632
1806,0.2,35.0,dalang1992,22359
1807,84,1.3,dalang1992,null
1808,2,17.0,dalang1992,43214
1809,2,3.1,dalang1992,4019
1810,2,3.3,dalang1992,4019
1811,17,null,dalang1992,13208
1812,0.2,43.0,dalang1992,52719
1813,1,13.0,dalang1992,10764
1814,1,13.0,dalang1992,10920
1815,59,0.2,dalang1992,906
1816,84,0.3,dalang1992,2723
1817,12,2.6,dalang1992,3764
1818,2,25.0,dalang1992,10421
1819,0,100.0,dalang1992,0
1820,2,57.0,dalang1992,94962
1821,1863.5,null,dalang1992,56886
1822,1863.5,27.0,dalang1992,56886
1823,763.66,58.0,dalang1992,47872
1824,1414,3.0,dalang1992,null
1825,31733.79,8.0,dalang1992,58741
1826,21505.46,13.0,dalang1992,57183
1827,53239.25,13.0,dalang1992,59724
1828,1269.35,53.0,dalang1992,45455
1829,860.22,46.0,dalang1992,45976
1830,269.99,10.0,dalang1992,24756
1831,25,null,dalang1992,69698
1832,0,100.0,dalang1992,1
1833,40,10.0,dalang1992,41313
1834,9343.94,1.7,dalang1992,12070
1835,0,100.0,dalang1992,1
1836,5.62,null,Janhgfbjkmhfu,0
1837,38.46,3.0,Janhgfbjkmhfu,0
1838,18218.65,13.0,Janhgfbjkmhfu,0
1839,13,27.0,Janhgfbjkmhfu,0
1840,5,0.3,Janhgfbjkmhfu,null
1841,0.71,7.0,Janhgfbjkmhfu,0
1842,7,4.0,Janhgfbjkmhfu,0
1843,53.85,8.0,Janhgfbjkmhfu,0
1844,8,39.0,Janhgfbjkmhfu,0
1845,2029,0.2697,Janhgfbjkmhfu,null
1846,2029.33,0.5,Janhgfbjkmhfu,0
1847,0,100.0,Janhgfbjkmhfu,0
1848,394.68,9.0,Janhgfbjkmhfu,0
1849,2,null,Janhgfbjkmhfu,0
1850,1.46,36.0,Janhgfbjkmhfu,0
1851,3.46,9.0,Janhgfbjkmhfu,0
1852,5123.71,null,Janhgfbjkmhfu,0
1853,0,100.0,Janhgfbjkmhfu,0
1854,0,100.0,Janhgfbjkmhfu,0
1855,0,100.0,Janhgfbjkmhfu,0
1856,1401.43,10.0,Janhgfbjkmhfu,0
1857,0.54,8.0,Janhgfbjkmhfu,0
1858,45,7.0,Janhgfbjkmhfu,null
1859,0,100.0,Janhgfbjkmhfu,0
1860,0,100.0,Janhgfbjkmhfu,0
1861,0,100.0,Janhgfbjkmhfu,0
1862,26,null,Janhgfbjkmhfu,0
1863,0.58,4.2,Janhgfbjkmhfu,0
1864,0,100.0,Janhgfbjkmhfu,0
1865,0,100.0,Janhgfbjkmhfu,0
1866,6,30.0,Janhgfbjkmhfu,0
1867,38,3.1,Janhgfbjkmhfu,0
1868,7,21.0,Janhgfbjkmhfu,0
1869,2,25.0,Janhgfbjkmhfu,0
1870,0,100.0,Janhgfbjkmhfu,0
1871,4,18.0,Janhgfbjkmhfu,0
1872,1940.37,null,Janhgfbjkmhfu,0
1873,1940.37,12.0,Janhgfbjkmhfu,0
1874,1401.44,10.0,Janhgfbjkmhfu,0
1875,1681,0.4,Janhgfbjkmhfu,null
1876,36569.88,7.0,Janhgfbjkmhfu,0
1877,30038.34,8.0,Janhgfbjkmhfu,0
1878,66608.22,9.0,Janhgfbjkmhfu,0
1879,2813.07,7.0,Janhgfbjkmhfu,0
1880,2310.64,12.0,Janhgfbjkmhfu,0
1881,347.33,3.5,Janhgfbjkmhfu,0
1882,19,null,Janhgfbjkmhfu,0
1883,0,100.0,Janhgfbjkmhfu,0
1884,61,4.0,Janhgfbjkmhfu,0
1885,5130.84,8.0,Janhgfbjkmhfu,0
1886,0,100.0,Janhgfbjkmhfu,0
1887,3,null,huaxiashashen,0
1888,0,100.0,huaxiashashen,0
1889,1430.46,82.0,huaxiashashen,0
1890,1,100.0,huaxiashashen,0
1891,0,100.0,huaxiashashen,null
1892,0,100.0,huaxiashashen,0
1893,0,100.0,huaxiashashen,0
1894,0,100.0,huaxiashashen,0
1895,1,99.0,huaxiashashen,0
1896,1226,62.621,huaxiashashen,null
1897,1226.27,70.0,huaxiashashen,0
1898,0,100.0,huaxiashashen,0
1899,300,16.0,huaxiashashen,0
1900,3,null,huaxiashashen,0
1901,0,100.0,huaxiashashen,0
1902,3,14.0,huaxiashashen,0
1903,3585.01,null,huaxiashashen,0
1904,0,100.0,huaxiashashen,0
1905,0,100.0,huaxiashashen,0
1906,0,100.0,huaxiashashen,0
1907,1430.46,9.0,huaxiashashen,0
1908,0,100.0,huaxiashashen,0
1909,3,73.0,huaxiashashen,null
1910,0,100.0,huaxiashashen,0
1911,0,100.0,huaxiashashen,0
1912,0,100.0,huaxiashashen,0
1913,3,null,huaxiashashen,0
1914,1,2.0,huaxiashashen,0
1915,0,100.0,huaxiashashen,0
1916,0,100.0,huaxiashashen,0
1917,3,52.0,huaxiashashen,0
1918,3,65.0,huaxiashashen,0
1919,3,64.0,huaxiashashen,0
1920,3,3.8,huaxiashashen,0
1921,0,100.0,huaxiashashen,0
1922,1,100.0,huaxiashashen,0
1923,1430.46,null,huaxiashashen,0
1924,1430.46,69.0,huaxiashashen,0
1925,1430.46,9.0,huaxiashashen,0
1926,1019,65.0,huaxiashashen,null
1927,3585.01,66.0,huaxiashashen,0
1928,0,100.0,huaxiashashen,0
1929,3585.01,81.0,huaxiashashen,0
1930,3585.01,2.5,huaxiashashen,0
1931,0,100.0,huaxiashashen,0
1932,0,100.0,huaxiashashen,0
1933,0,null,huaxiashashen,0
1934,0,100.0,huaxiashashen,0
1935,0,100.0,huaxiashashen,0
1936,300,75.0,huaxiashashen,0
1937,0,100.0,huaxiashashen,0
1938,0.93,null,DouyuTV-Billy,0
1939,6.67,14.0,DouyuTV-Billy,0
1940,11283.96,24.0,DouyuTV-Billy,0
1941,15,23.0,DouyuTV-Billy,0
1942,1,21.0,DouyuTV-Billy,null
1943,1,7.0,DouyuTV-Billy,0
1944,1,62.0,DouyuTV-Billy,0
1945,6.67,58.0,DouyuTV-Billy,0
1946,14,24.0,DouyuTV-Billy,0
1947,1348,27.2752,DouyuTV-Billy,null
1948,1365,27.0,DouyuTV-Billy,0
1949,0,100.0,DouyuTV-Billy,0
1950,128.2,59.0,DouyuTV-Billy,0
1951,0.07,null,DouyuTV-Billy,0
1952,0.87,60.0,DouyuTV-Billy,0
1953,0.87,67.0,DouyuTV-Billy,0
1954,1373.2,null,DouyuTV-Billy,0
1955,0,100.0,DouyuTV-Billy,0
1956,0,100.0,DouyuTV-Billy,0
1957,0,100.0,DouyuTV-Billy,0
1958,752.26,59.0,DouyuTV-Billy,0
1959,0.07,57.0,DouyuTV-Billy,0
1960,13,36.0,DouyuTV-Billy,null
1961,0,100.0,DouyuTV-Billy,0
1962,0,100.0,DouyuTV-Billy,0
1963,0,100.0,DouyuTV-Billy,0
1964,1,null,DouyuTV-Billy,0
1965,0.08,64.0,DouyuTV-Billy,0
1966,0,100.0,DouyuTV-Billy,0
1967,0,100.0,DouyuTV-Billy,0
1968,2,64.0,DouyuTV-Billy,0
1969,13,22.0,DouyuTV-Billy,0
1970,3,64.0,DouyuTV-Billy,0
1971,1,89.0,DouyuTV-Billy,0
1972,0,100.0,DouyuTV-Billy,0
1973,2,57.0,DouyuTV-Billy,0
1974,1776.45,null,DouyuTV-Billy,0
1975,1776.45,38.0,DouyuTV-Billy,0
1976,752.26,59.0,DouyuTV-Billy,0
1977,1127,26.0,DouyuTV-Billy,null
1978,19638.88,18.0,DouyuTV-Billy,0
1979,959.09,76.0,DouyuTV-Billy,0
1980,20597.97,36.0,DouyuTV-Billy,0
1981,1309.26,50.0,DouyuTV-Billy,0
1982,63.94,81.0,DouyuTV-Billy,0
1983,241.37,14.0,DouyuTV-Billy,0
1984,13,null,DouyuTV-Billy,0
1985,0,100.0,DouyuTV-Billy,0
1986,10,44.0,DouyuTV-Billy,0
1987,1923.06,29.0,DouyuTV-Billy,0
1988,0,100.0,DouyuTV-Billy,0
1989,2,null,NiceHanShuangWoW,0
1990,0,100.0,NiceHanShuangWoW,0
1991,4461.3,50.0,NiceHanShuangWoW,0
1992,4,61.0,NiceHanShuangWoW,0
1993,0,100.0,NiceHanShuangWoW,null
1994,0,100.0,NiceHanShuangWoW,0
1995,0,100.0,NiceHanShuangWoW,0
1996,0,100.0,NiceHanShuangWoW,0
1997,4,60.0,NiceHanShuangWoW,0
1998,1275,43.1977,NiceHanShuangWoW,null
1999,1275.29,48.0,NiceHanShuangWoW,0
2000,0,100.0,NiceHanShuangWoW,0
2001,260.11,21.0,NiceHanShuangWoW,0
2002,0.25,null,NiceHanShuangWoW,0
2003,4.75,3.8,NiceHanShuangWoW,0
2004,2,28.0,NiceHanShuangWoW,0
2005,3238.13,null,NiceHanShuangWoW,0
2006,0,100.0,NiceHanShuangWoW,0
2007,0,100.0,NiceHanShuangWoW,0
2008,0,100.0,NiceHanShuangWoW,0
2009,1115.33,22.0,NiceHanShuangWoW,0
2010,0,100.0,NiceHanShuangWoW,0
2011,8,50.0,NiceHanShuangWoW,null
2012,1,39.0,NiceHanShuangWoW,0
2013,0,100.0,NiceHanShuangWoW,0
2014,0,100.0,NiceHanShuangWoW,0
2015,1,null,NiceHanShuangWoW,0
2016,0.12,58.0,NiceHanShuangWoW,0
2017,0,100.0,NiceHanShuangWoW,0
2018,0,100.0,NiceHanShuangWoW,0
2019,8,21.0,NiceHanShuangWoW,0
2020,8,36.0,NiceHanShuangWoW,0
2021,4,51.0,NiceHanShuangWoW,0
2022,1,89.0,NiceHanShuangWoW,0
2023,0,100.0,NiceHanShuangWoW,0
2024,1,100.0,NiceHanShuangWoW,0
2025,1358.22,null,NiceHanShuangWoW,0
2026,1358.22,72.0,NiceHanShuangWoW,0
2027,1115.32,22.0,NiceHanShuangWoW,0
2028,1055,46.0,NiceHanShuangWoW,null
2029,9817.53,36.0,NiceHanShuangWoW,0
2030,3134.99,60.0,NiceHanShuangWoW,0
2031,12952.52,49.0,NiceHanShuangWoW,0
2032,2454.38,11.0,NiceHanShuangWoW,0
2033,783.75,49.0,NiceHanShuangWoW,0
2034,276.31,9.0,NiceHanShuangWoW,0
2035,19,null,NiceHanShuangWoW,0
2036,0,100.0,NiceHanShuangWoW,0
2037,7,54.0,NiceHanShuangWoW,0
2038,1040.44,46.0,NiceHanShuangWoW,0
2039,0,100.0,NiceHanShuangWoW,0
2040,2.75,null,B52Cnst,0
2041,33.33,4.3,B52Cnst,0
2042,8877.97,30.0,B52Cnst,0
2043,6,49.0,B52Cnst,0
2044,2,4.9,B52Cnst,null
2045,0.67,8.0,B52Cnst,0
2046,3,21.0,B52Cnst,0
2047,50,13.0,B52Cnst,0
2048,4,60.0,B52Cnst,0
2049,1516,9.5858,B52Cnst,null
2050,1515.7,11.0,B52Cnst,0
2051,0,100.0,B52Cnst,0
2052,230.91,26.0,B52Cnst,0
2053,0.33,null,B52Cnst,0
2054,2.33,17.0,B52Cnst,0
2055,1.83,30.0,B52Cnst,0
2056,7486.56,null,B52Cnst,0
2057,0,100.0,B52Cnst,0
2058,0,100.0,B52Cnst,0
2059,0.17,4.1,B52Cnst,0
2060,1479.66,8.0,B52Cnst,0
2061,0.5,13.0,B52Cnst,0
2062,11,40.0,B52Cnst,null
2063,0,100.0,B52Cnst,0
2064,1,16.0,B52Cnst,0
2065,1,17.0,B52Cnst,0
2066,2,null,B52Cnst,0
2067,0.18,46.0,B52Cnst,0
2068,0,100.0,B52Cnst,0
2069,0,100.0,B52Cnst,0
2070,0,100.0,B52Cnst,0
2071,11,27.0,B52Cnst,0
2072,5,39.0,B52Cnst,0
2073,1,89.0,B52Cnst,0
2074,0,100.0,B52Cnst,0
2075,3,32.0,B52Cnst,0
2076,1898.73,null,B52Cnst,0
2077,1898.73,18.0,B52Cnst,0
2078,1479.66,8.0,B52Cnst,0
2079,1285,8.0,B52Cnst,null
2080,11344.65,32.0,B52Cnst,0
2081,33574.74,7.0,B52Cnst,0
2082,44919.39,16.0,B52Cnst,0
2083,1890.78,23.0,B52Cnst,0
2084,5595.79,1.0,B52Cnst,0
2085,172.24,30.0,B52Cnst,0
2086,14,null,B52Cnst,0
2087,0,100.0,B52Cnst,0
2088,11,41.0,B52Cnst,0
2089,1385.46,38.0,B52Cnst,0
2090,0,100.0,B52Cnst,0
2091,0,null,VESTAR4,0
2092,100,1.3,VESTAR4,0
2093,7547.28,35.0,VESTAR4,0
2094,4,61.0,VESTAR4,0
2095,4,0.6,VESTAR4,null
2096,1,7.0,VESTAR4,0
2097,4,14.0,VESTAR4,0
2098,100,6.0,VESTAR4,0
2099,0,100.0,VESTAR4,0
2100,1726,2.5007,VESTAR4,null
2101,1725.63,3.0,VESTAR4,0
2102,0,100.0,VESTAR4,0
2103,916.04,0.6,VESTAR4,0
2104,5,null,VESTAR4,0
2105,3.5,8.0,VESTAR4,0
2106,9.5,0.4,VESTAR4,0
2107,4669.02,null,VESTAR4,0
2108,0,100.0,VESTAR4,0
2109,0,100.0,VESTAR4,0
2110,0,100.0,VESTAR4,0
2111,1886.82,1.0,VESTAR4,0
2112,1,6.0,VESTAR4,0
2113,38,10.0,VESTAR4,null
2114,0,100.0,VESTAR4,0
2115,0,100.0,VESTAR4,0
2116,0,100.0,VESTAR4,0
2117,20,null,VESTAR4,0
2118,0.53,4.7,VESTAR4,0
2119,0,100.0,VESTAR4,0
2120,0,100.0,VESTAR4,0
2121,38,0.5,VESTAR4,0
2122,38,3.1,VESTAR4,0
2123,11,4.0,VESTAR4,0
2124,2,25.0,VESTAR4,0
2125,0,100.0,VESTAR4,0
2126,1,100.0,VESTAR4,0
2127,1992.96,null,VESTAR4,0
2128,1992.96,3.5,VESTAR4,0
2129,1886.82,1.0,VESTAR4,0
2130,1434,2.6,VESTAR4,null
2131,13438.44,27.0,VESTAR4,0
2132,5237.66,48.0,VESTAR4,0
2133,18676.1,39.0,VESTAR4,0
2134,3359.61,3.3,VESTAR4,0
2135,1309.42,29.0,VESTAR4,0
2136,289.53,8.0,VESTAR4,0
2137,14,null,VESTAR4,0
2138,0,100.0,VESTAR4,0
2139,40,10.0,VESTAR4,0
2140,3664.17,14.0,VESTAR4,0
2141,0,100.0,VESTAR4,0
2142,5.75,null,PhongPhan,0
2143,20,7.0,PhongPhan,0
2144,5549.49,44.0,PhongPhan,0
2145,5,54.0,PhongPhan,0
2146,1,21.0,PhongPhan,null
2147,0.33,15.0,PhongPhan,0
2148,3,21.0,PhongPhan,0
2149,60,8.0,PhongPhan,0
2150,4,60.0,PhongPhan,0
2151,1442,15.1008,PhongPhan,null
2152,1442.29,16.0,PhongPhan,0
2153,0,100.0,PhongPhan,0
2154,543.77,3.4,PhongPhan,0
2155,0.6,null,PhongPhan,0
2156,4.2,4.6,PhongPhan,0
2157,4.6,4.2,PhongPhan,0
2158,3797.09,null,PhongPhan,0
2159,0,100.0,PhongPhan,0
2160,0,100.0,PhongPhan,0
2161,0,100.0,PhongPhan,0
2162,1109.9,22.0,PhongPhan,0
2163,0.6,8.0,PhongPhan,0
2164,23,20.0,PhongPhan,null
2165,2,17.0,PhongPhan,0
2166,0,100.0,PhongPhan,0
2167,0,100.0,PhongPhan,0
2168,3,null,PhongPhan,0
2169,0.13,56.0,PhongPhan,0
2170,0,100.0,PhongPhan,0
2171,0,100.0,PhongPhan,0
2172,16,6.0,PhongPhan,0
2173,23,9.0,PhongPhan,0
2174,11,4.0,PhongPhan,0
2175,2,25.0,PhongPhan,0
2176,0,100.0,PhongPhan,0
2177,2,57.0,PhongPhan,0
2178,1839.06,null,PhongPhan,0
2179,1839.06,31.0,PhongPhan,0
2180,1109.9,22.0,PhongPhan,0
2181,1191,16.0,PhongPhan,null
2182,5288.06,55.0,PhongPhan,0
2183,13697.37,23.0,PhongPhan,0
2184,18985.43,38.0,PhongPhan,0
2185,1057.61,66.0,PhongPhan,0
2186,2739.47,8.0,PhongPhan,0
2187,332.87,4.3,PhongPhan,0
2188,21,null,PhongPhan,0
2189,0,100.0,PhongPhan,0
2190,18,28.0,PhongPhan,0
2191,2718.86,20.0,PhongPhan,0
2192,0,100.0,PhongPhan,0
2193,3.88,null,ANGSARA,0
2194,11.11,11.0,ANGSARA,0
2195,8609.5,31.0,ANGSARA,0
2196,9,37.0,ANGSARA,0
2197,1,21.0,ANGSARA,null
2198,0.33,15.0,ANGSARA,0
2199,3,21.0,ANGSARA,0
2200,33.33,21.0,ANGSARA,0
2201,8,39.0,ANGSARA,0
2202,1453,14.1932,ANGSARA,null
2203,1452.77,15.0,ANGSARA,0
2204,0,100.0,ANGSARA,0
2205,369.76,10.0,ANGSARA,0
2206,0.67,null,ANGSARA,0
2207,1.78,27.0,ANGSARA,0
2208,3.44,9.0,ANGSARA,0
2209,2279.03,null,ANGSARA,0
2210,0,100.0,ANGSARA,0
2211,0,100.0,ANGSARA,0
2212,0,100.0,ANGSARA,0
2213,956.61,34.0,ANGSARA,0
2214,0.33,21.0,ANGSARA,0
2215,31,13.0,ANGSARA,null
2216,1,39.0,ANGSARA,0
2217,0,100.0,ANGSARA,0
2218,0,100.0,ANGSARA,0
2219,6,null,ANGSARA,0
2220,0.19,44.0,ANGSARA,0
2221,0,100.0,ANGSARA,0
2222,0,100.0,ANGSARA,0
2223,9,18.0,ANGSARA,0
2224,10,30.0,ANGSARA,0
2225,11,4.0,ANGSARA,0
2226,1,89.0,ANGSARA,0
2227,0,100.0,ANGSARA,0
2228,4,18.0,ANGSARA,0
2229,1849.51,null,ANGSARA,0
2230,1849.51,29.0,ANGSARA,0
2231,956.61,34.0,ANGSARA,0
2232,1193,16.0,ANGSARA,null
2233,17060.14,21.0,ANGSARA,0
2234,3451.17,58.0,ANGSARA,0
2235,20511.31,36.0,ANGSARA,0
2236,1895.57,23.0,ANGSARA,0
2237,383.46,69.0,ANGSARA,0
2238,190.38,25.0,ANGSARA,0
2239,16,null,ANGSARA,0
2240,0,100.0,ANGSARA,0
2241,16,31.0,ANGSARA,0
2242,3327.8,16.0,ANGSARA,0
2243,0,100.0,ANGSARA,0
2244,2.95,null,SarulaAAA,4144
2245,17.39,8.0,SarulaAAA,1533
2246,25361.18,8.0,SarulaAAA,39733
2247,23,14.0,SarulaAAA,64188
2248,4,0.6,SarulaAAA,null
2249,0.57,8.0,SarulaAAA,4195
2250,7,4.0,SarulaAAA,18721
2251,30.43,22.0,SarulaAAA,7575
2252,19,17.0,SarulaAAA,77719
2253,1924,0.6397,SarulaAAA,null
2254,1943.86,0.9,SarulaAAA,3162
2255,0,100.0,SarulaAAA,0
2256,268.33,20.0,SarulaAAA,7371
2257,0.65,null,SarulaAAA,6579
2258,1.57,32.0,SarulaAAA,27315
2259,2.43,18.0,SarulaAAA,6094
2260,3727.62,null,SarulaAAA,7394
2261,0,100.0,SarulaAAA,1
2262,0.04,10.0,SarulaAAA,13099
2263,0.04,12.0,SarulaAAA,15328
2264,1102.66,23.0,SarulaAAA,6288
2265,0.3,22.0,SarulaAAA,7575
2266,56,3.9,SarulaAAA,null
2267,0,100.0,SarulaAAA,86447
2268,1,16.0,SarulaAAA,12840
2269,1,17.0,SarulaAAA,12840
2270,15,null,SarulaAAA,16373
2271,0.27,26.0,SarulaAAA,26260
2272,2,2.7,SarulaAAA,3951
2273,1,13.0,SarulaAAA,10920
2274,3,52.0,SarulaAAA,66273
2275,3,65.0,SarulaAAA,88400
2276,8,14.0,SarulaAAA,18581
2277,2,25.0,SarulaAAA,10421
2278,0,100.0,SarulaAAA,0
2279,6,4.1,SarulaAAA,38100
2280,2045.01,null,SarulaAAA,5895
2281,2045.01,2.1,SarulaAAA,5895
2282,1102.66,23.0,SarulaAAA,7907
2283,1584,0.9,SarulaAAA,null
2284,38867.35,6.0,SarulaAAA,44567
2285,46868.02,3.4,SarulaAAA,21413
2286,85735.37,6.0,SarulaAAA,30549
2287,1689.88,30.0,SarulaAAA,16731
2288,2037.74,15.0,SarulaAAA,7807
2289,324.82,4.8,SarulaAAA,12803
2290,36,null,SarulaAAA,49460
2291,0,100.0,SarulaAAA,1
2292,60,4.2,SarulaAAA,21523
2293,6171.49,4.9,SarulaAAA,27645
2294,0,100.0,SarulaAAA,1
2295,2.2,null,MengfeiQier,10242
2296,3.49,17.0,MengfeiQier,26940
2297,50150.7,1.3,MengfeiQier,10108
2298,86,0.8,MengfeiQier,5431
2299,3,1.5,MengfeiQier,null
2300,0.3,15.0,MengfeiQier,17419
2301,10,1.6,MengfeiQier,9336
2302,11.63,48.0,MengfeiQier,53750
2303,83,0.8,MengfeiQier,5701
2304,1967,0.4594,MengfeiQier,null
2305,1966.8,0.8,MengfeiQier,2728
2306,0,100.0,MengfeiQier,0
2307,236.79,25.0,MengfeiQier,11759
2308,0.9,null,MengfeiQier,3208
2309,0.76,64.0,MengfeiQier,81624
2310,2.13,22.0,MengfeiQier,9619
2311,1821.3,null,MengfeiQier,61787
2312,0,100.0,MengfeiQier,1
2313,0.02,12.0,MengfeiQier,25113
2314,0,100.0,MengfeiQier,41004
2315,583.15,80.0,MengfeiQier,83918
2316,0.12,47.0,MengfeiQier,53750
2317,183,0.2,MengfeiQier,null
2318,6,1.3,MengfeiQier,8238
2319,0,100.0,MengfeiQier,41004
2320,0,100.0,MengfeiQier,41004
2321,77,null,MengfeiQier,978
2322,0.42,11.0,MengfeiQier,3990
2323,2,2.7,MengfeiQier,3951
2324,2,2.7,MengfeiQier,4079
2325,16,6.0,MengfeiQier,16928
2326,95,0.2,MengfeiQier,2029
2327,12,2.6,MengfeiQier,3764
2328,2,25.0,MengfeiQier,10421
2329,0,100.0,MengfeiQier,0
2330,7,1.7,MengfeiQier,26512
2331,1967.69,null,MengfeiQier,16934
2332,1967.69,7.0,MengfeiQier,16934
2333,583.15,80.0,MengfeiQier,83001
2334,1586,0.9,MengfeiQier,null
2335,91404.88,0.6,MengfeiQier,7997
2336,65226.55,1.6,MengfeiQier,11791
2337,156631.4,1.2,MengfeiQier,9147
2338,1062.85,66.0,MengfeiQier,65405
2339,758.45,50.0,MengfeiQier,53392
2340,288.54,8.0,MengfeiQier,19935
2341,65,null,MengfeiQier,19904
2342,0,100.0,MengfeiQier,1
2343,102,1.0,MengfeiQier,6781
2344,20363.53,0.2,MengfeiQier,1846
2345,0,100.0,MengfeiQier,1
2346,6,null,Arthur_Saber,0
2347,14.29,9.0,Arthur_Saber,0
2348,6597.88,39.0,Arthur_Saber,0
2349,7,44.0,Arthur_Saber,0
2350,1,21.0,Arthur_Saber,null
2351,0.5,12.0,Arthur_Saber,0
2352,2,35.0,Arthur_Saber,0
2353,28.57,24.0,Arthur_Saber,0
2354,6,48.0,Arthur_Saber,0
2355,1412,18.1756,Arthur_Saber,null
2356,1417.83,19.0,Arthur_Saber,0
2357,0,100.0,Arthur_Saber,0
2358,513.86,4.0,Arthur_Saber,0
2359,1.43,null,Arthur_Saber,0
2360,0.71,66.0,Arthur_Saber,0
2361,5.14,2.9,Arthur_Saber,0
2362,3425.42,null,Arthur_Saber,0
2363,0,100.0,Arthur_Saber,0
2364,0,100.0,Arthur_Saber,0
2365,0.14,4.7,Arthur_Saber,0
2366,942.55,36.0,Arthur_Saber,0
2367,0.29,22.0,Arthur_Saber,0
2368,36,11.0,Arthur_Saber,null
2369,0,100.0,Arthur_Saber,0
2370,1,16.0,Arthur_Saber,0
2371,1,17.0,Arthur_Saber,0
2372,10,null,Arthur_Saber,0
2373,0.28,25.0,Arthur_Saber,0
2374,0,100.0,Arthur_Saber,0
2375,0,100.0,Arthur_Saber,0
2376,1,79.0,Arthur_Saber,0
2377,1,85.0,Arthur_Saber,0
2378,20,0.1,Arthur_Saber,0
2379,3,3.8,Arthur_Saber,0
2380,0,100.0,Arthur_Saber,0
2381,6,4.1,Arthur_Saber,0
2382,1750.45,null,Arthur_Saber,0
2383,1750.45,43.0,Arthur_Saber,0
2384,942.55,36.0,Arthur_Saber,0
2385,1163,20.0,Arthur_Saber,null
2386,13627.77,27.0,Arthur_Saber,0
2387,10350.14,30.0,Arthur_Saber,0
2388,23977.91,32.0,Arthur_Saber,0
2389,1946.82,21.0,Arthur_Saber,0
2390,1478.59,25.0,Arthur_Saber,0
2391,705.65,0.2,Arthur_Saber,0
2392,5,null,Arthur_Saber,0
2393,0,100.0,Arthur_Saber,0
2394,19,26.0,Arthur_Saber,0
2395,3597.04,14.0,Arthur_Saber,0
2396,0,100.0,Arthur_Saber,0
2397,5,null,kim0chix,0
2398,0,100.0,kim0chix,0
2399,1873.91,74.0,kim0chix,0
2400,1,100.0,kim0chix,0
2401,0,100.0,kim0chix,null
2402,0,100.0,kim0chix,0
2403,1,62.0,kim0chix,0
2404,100,6.0,kim0chix,0
2405,1,99.0,kim0chix,0
2406,1276,29.7664,kim0chix,null
2407,1276.41,47.0,kim0chix,0
2408,0,100.0,kim0chix,0
2409,451.82,6.0,kim0chix,0
2410,2,null,kim0chix,0
2411,6,2.3,kim0chix,0
2412,5,3.9,kim0chix,0
2413,4846.22,null,kim0chix,0
2414,0,100.0,kim0chix,0
2415,0,100.0,kim0chix,0
2416,0,100.0,kim0chix,0
2417,1873.91,1.2,kim0chix,0
2418,1,6.0,kim0chix,0
2419,5,62.0,kim0chix,null
2420,0,100.0,kim0chix,0
2421,0,100.0,kim0chix,0
2422,0,100.0,kim0chix,0
2423,2,null,kim0chix,0
2424,0.4,13.0,kim0chix,0
2425,0,100.0,kim0chix,0
2426,0,100.0,kim0chix,0
2427,5,36.0,kim0chix,0
2428,5,51.0,kim0chix,0
2429,5,39.0,kim0chix,0
2430,1,89.0,kim0chix,0
2431,0,100.0,kim0chix,0
2432,1,100.0,kim0chix,0
2433,1873.91,null,kim0chix,0
2434,1873.91,24.0,kim0chix,0
2435,1873.91,1.2,kim0chix,0
2436,1065,43.0,kim0chix,null
2437,4846.22,58.0,kim0chix,0
2438,0,100.0,kim0chix,0
2439,4846.22,75.0,kim0chix,0
2440,4846.22,0.4,kim0chix,0
2441,0,100.0,kim0chix,0
2442,67.44,59.0,kim0chix,0
2443,6,null,kim0chix,0
2444,0,100.0,kim0chix,0
2445,5,62.0,kim0chix,0
2446,451.82,67.0,kim0chix,0
2447,0,100.0,kim0chix,0
2448,4,null,SYH-LORD,0
2449,0,100.0,SYH-LORD,0
2450,3235.76,60.0,SYH-LORD,0
2451,4,61.0,SYH-LORD,0
2452,0,100.0,SYH-LORD,null
2453,0,100.0,SYH-LORD,0
2454,1,62.0,SYH-LORD,0
2455,25,29.0,SYH-LORD,0
2456,4,60.0,SYH-LORD,0
2457,1262,47.2919,SYH-LORD,null
2458,1268.04,50.0,SYH-LORD,0
2459,0,100.0,SYH-LORD,0
2460,436.8,7.0,SYH-LORD,0
2461,0.25,null,SYH-LORD,0
2462,0.75,65.0,SYH-LORD,0
2463,4,7.0,SYH-LORD,0
2464,1942.8,null,SYH-LORD,0
2465,0,100.0,SYH-LORD,0
2466,0,100.0,SYH-LORD,0
2467,0.25,2.7,SYH-LORD,0
2468,808.94,51.0,SYH-LORD,0
2469,0.25,29.0,SYH-LORD,0
2470,16,30.0,SYH-LORD,null
2471,0,100.0,SYH-LORD,0
2472,1,16.0,SYH-LORD,0
2473,1,17.0,SYH-LORD,0
2474,1,null,SYH-LORD,0
2475,0.06,65.0,SYH-LORD,0
2476,1,13.0,SYH-LORD,0
2477,0,100.0,SYH-LORD,0
2478,16,6.0,SYH-LORD,0
2479,16,17.0,SYH-LORD,0
2480,8,14.0,SYH-LORD,0
2481,1,89.0,SYH-LORD,0
2482,0,100.0,SYH-LORD,0
2483,1,100.0,SYH-LORD,0
2484,1624.61,null,SYH-LORD,0
2485,1624.61,55.0,SYH-LORD,0
2486,808.94,51.0,SYH-LORD,0
2487,1025,61.0,SYH-LORD,null
2488,6263.75,50.0,SYH-LORD,0
2489,1507.46,72.0,SYH-LORD,0
2490,7771.22,63.0,SYH-LORD,0
2491,1565.94,36.0,SYH-LORD,0
2492,376.87,69.0,SYH-LORD,0
2493,276.71,9.0,SYH-LORD,0
2494,3,null,SYH-LORD,0
2495,0,100.0,SYH-LORD,0
2496,4,67.0,SYH-LORD,0
2497,1747.2,32.0,SYH-LORD,0
2498,0,100.0,SYH-LORD,0
2499,4.48,6.0,zuohanbo1,1253
2500,11.54,10.0,zuohanbo1,4036
2501,19018.35,8.0,zuohanbo1,60378
2502,26,8.0,zuohanbo1,54800
2503,3,1.3,zuohanbo1,null
2504,0.5,12.0,zuohanbo1,4615
2505,6,3.7,zuohanbo1,24168
2506,23.08,30.0,zuohanbo1,17158
2507,23,9.0,zuohanbo1,62169
2508,1778,1.7598,zuohanbo1,null
2509,1781.67,1.2,zuohanbo1,8893
2510,0,100.0,zuohanbo1,0
2511,418.42,8.0,zuohanbo1,1313
2512,1.77,3.4,zuohanbo1,1060
2513,1,57.0,zuohanbo1,62409
2514,3.96,8.0,zuohanbo1,1044
2515,2146.11,52.0,zuohanbo1,45414
2516,0,100.0,zuohanbo1,1
2517,0,100.0,zuohanbo1,33253
2518,0,100.0,zuohanbo1,41004
2519,731.48,63.0,zuohanbo1,53449
2520,0.23,30.0,zuohanbo1,16977
2521,103,0.3,zuohanbo1,null
2522,1,39.0,zuohanbo1,63816
2523,0,100.0,zuohanbo1,41004
2524,0,100.0,zuohanbo1,41004
2525,46,0.2,zuohanbo1,2310
2526,0.45,10.0,zuohanbo1,3077
2527,0,100.0,zuohanbo1,33339
2528,0,100.0,zuohanbo1,33253
2529,7,25.0,zuohanbo1,42721
2530,91,0.2,zuohanbo1,2255
2531,14,0.9,zuohanbo1,1651
2532,3,3.6,zuohanbo1,2705
2533,0,100.0,zuohanbo1,0
2534,4,18.0,zuohanbo1,68448
2535,1956.96,8.0,zuohanbo1,22896
2536,1956.96,8.0,zuohanbo1,22896
2537,731.47,62.0,zuohanbo1,54311
2538,1419,1.7,zuohanbo1,null
2539,37772.67,6.0,zuohanbo1,46440
2540,18026.16,13.0,zuohanbo1,65414
2541,55798.83,8.0,zuohanbo1,56582
2542,1452.8,43.0,zuohanbo1,30483
2543,693.31,53.0,zuohanbo1,58237
2544,279.67,8.0,zuohanbo1,22188
2545,26,13.0,zuohanbo1,67630
2546,0,100.0,zuohanbo1,1
2547,51,3.5,zuohanbo1,28653
2548,10878.86,0.5,zuohanbo1,8437
2549,0,100.0,zuohanbo1,1
2550,1.21,null,DYtv68,44024
2551,12.5,10.0,DYtv68,2882
2552,14233.41,18.0,DYtv68,82127
2553,16,21.0,DYtv68,95590
2554,2,4.9,DYtv68,null
2555,0.67,8.0,DYtv68,2455
2556,3,21.0,DYtv68,54704
2557,18.75,35.0,DYtv68,26495
2558,14,24.0,DYtv68,100713
2559,1527,8.8961,DYtv68,null
2560,1545.96,9.0,DYtv68,32720
2561,0,100.0,DYtv68,0
2562,121.48,61.0,DYtv68,62410
2563,0.38,null,DYtv68,22251
2564,0.62,69.0,DYtv68,89167
2565,1.06,53.0,DYtv68,52988
2566,3356.12,null,DYtv68,11581
2567,0,100.0,DYtv68,1
2568,0,100.0,DYtv68,33253
2569,0.06,10.0,DYtv68,4868
2570,889.59,41.0,DYtv68,24737
2571,0.19,35.0,DYtv68,25830
2572,17,28.0,DYtv68,null
2573,2,17.0,DYtv68,43214
2574,1,16.0,DYtv68,12840
2575,1,17.0,DYtv68,12840
2576,6,null,DYtv68,53384
2577,0.35,15.0,DYtv68,8485
2578,1,13.0,DYtv68,10764
2579,0,100.0,DYtv68,33253
2580,0,100.0,DYtv68,91680
2581,14,20.0,DYtv68,54235
2582,7,21.0,DYtv68,26785
2583,2,25.0,DYtv68,10421
2584,0,100.0,DYtv68,0
2585,6,4.1,DYtv68,38100
2586,1932.88,null,DYtv68,31408
2587,1932.88,13.0,DYtv68,31408
2588,889.59,41.0,DYtv68,26921
2589,1277,9.0,DYtv68,null
2590,26656.7,11.0,DYtv68,71144
2591,27041.15,10.0,DYtv68,45773
2592,53697.84,12.0,DYtv68,59139
2593,1666.04,31.0,DYtv68,17871
2594,1690.07,20.0,DYtv68,13019
2595,140.65,38.0,DYtv68,73518
2596,10,null,DYtv68,96287
2597,0,100.0,DYtv68,1
2598,33,13.0,DYtv68,52168
2599,1943.76,29.0,DYtv68,90510
2600,0,100.0,DYtv68,1
2601,4,null,RedWolfXIII,0
2602,0,100.0,RedWolfXIII,0
2603,1603.34,79.0,RedWolfXIII,0
2604,1,100.0,RedWolfXIII,0
2605,0,100.0,RedWolfXIII,null
2606,0,100.0,RedWolfXIII,0
2607,0,100.0,RedWolfXIII,0
2608,0,100.0,RedWolfXIII,0
2609,1,99.0,RedWolfXIII,0
2610,1235,58.5196,RedWolfXIII,null
2611,1234.84,65.0,RedWolfXIII,0
2612,0,100.0,RedWolfXIII,0
2613,378.73,9.0,RedWolfXIII,0
2614,1,null,RedWolfXIII,0
2615,2,25.0,RedWolfXIII,0
2616,4,7.0,RedWolfXIII,0
2617,3133.59,null,RedWolfXIII,0
2618,0,100.0,RedWolfXIII,0
2619,0,100.0,RedWolfXIII,0
2620,0,100.0,RedWolfXIII,0
2621,1603.34,6.0,RedWolfXIII,0
2622,0,100.0,RedWolfXIII,0
2623,4,67.0,RedWolfXIII,null
2624,0,100.0,RedWolfXIII,0
2625,0,100.0,RedWolfXIII,0
2626,0,100.0,RedWolfXIII,0
2627,1,null,RedWolfXIII,0
2628,0.25,33.0,RedWolfXIII,0
2629,0,100.0,RedWolfXIII,0
2630,0,100.0,RedWolfXIII,0
2631,4,43.0,RedWolfXIII,0
2632,4,57.0,RedWolfXIII,0
2633,4,51.0,RedWolfXIII,0
2634,3,3.8,RedWolfXIII,0
2635,0,100.0,RedWolfXIII,0
2636,1,100.0,RedWolfXIII,0
2637,1603.34,null,RedWolfXIII,0
2638,1603.34,57.0,RedWolfXIII,0
2639,1603.34,6.0,RedWolfXIII,0
2640,1025,61.0,RedWolfXIII,null
2641,2522.9,75.0,RedWolfXIII,0
2642,610.7,78.0,RedWolfXIII,0
2643,3133.59,82.0,RedWolfXIII,0
2644,2522.9,10.0,RedWolfXIII,0
2645,610.7,58.0,RedWolfXIII,0
2646,2.24,88.0,RedWolfXIII,0
2647,2,null,RedWolfXIII,0
2648,0,100.0,RedWolfXIII,0
2649,1,85.0,RedWolfXIII,0
2650,378.73,71.0,RedWolfXIII,0
2651,0,100.0,RedWolfXIII,0
2652,3.42,null,keyidrean,2655
2653,7.02,14.0,keyidrean,9149
2654,48835.02,1.4,keyidrean,10750
2655,57,2.4,keyidrean,14303
2656,4,0.6,keyidrean,null
2657,0.33,15.0,keyidrean,12343
2658,12,0.9,keyidrean,6315
2659,21.05,31.0,keyidrean,20871
2660,53,2.7,keyidrean,16074
2661,2163,0.0693,keyidrean,null
2662,2162.79,0.3,keyidrean,648
2663,0,100.0,keyidrean,0
2664,374.42,10.0,keyidrean,2012
2665,1,null,keyidrean,2515
2666,0.7,66.0,keyidrean,85077
2667,3.18,10.0,keyidrean,2324
2668,2060.76,null,keyidrean,49552
2669,0,100.0,keyidrean,1
2670,0,100.0,keyidrean,33253
2671,0.09,8.0,keyidrean,2480
2672,856.75,45.0,keyidrean,29751
2673,0.21,31.0,keyidrean,20489
2674,181,0.2,keyidrean,null
2675,4,4.1,keyidrean,18442
2676,5,0.1,keyidrean,188
2677,5,0.1,keyidrean,188
2678,57,null,keyidrean,1648
2679,0.31,21.0,keyidrean,14102
2680,1,13.0,keyidrean,10764
2681,0,100.0,keyidrean,33253
2682,34,0.7,keyidrean,3743
2683,40,2.7,keyidrean,14221
2684,14,1.1,keyidrean,1651
2685,3,3.8,keyidrean,2705
2686,0,100.0,keyidrean,0
2687,7,1.7,keyidrean,26512
2688,2018.82,null,keyidrean,7416
2689,2018.82,2.6,keyidrean,7416
2690,856.75,45.0,keyidrean,31699
2691,1771,0.3,keyidrean,null
2692,109669.6,0.3,keyidrean,4980
2693,7793.48,37.0,keyidrean,91493
2694,117463.1,2.5,keyidrean,17048
2695,1924.03,22.0,keyidrean,8684
2696,136.73,79.0,keyidrean,98629
2697,609.79,0.3,keyidrean,740
2698,40,null,keyidrean,43549
2699,0,100.0,keyidrean,1
2700,71,2.8,keyidrean,15365
2701,21341.89,0.2,keyidrean,1641
2702,0,100.0,keyidrean,1
2703,2.49,null,xihan666,7068
2704,0,100.0,xihan666,41745
2705,33046.62,4.0,xihan666,24857
2706,43,4.5,xihan666,25074
2707,0,100.0,xihan666,null
2708,0,100.0,xihan666,41745
2709,5,9.0,xihan666,31837
2710,11.63,48.0,xihan666,53750
2711,43,4.3,xihan666,24142
2712,1722,2.5496,xihan666,null
2713,1722.29,3.0,xihan666,12589
2714,0,100.0,xihan666,0
2715,290.9,17.0,xihan666,5345
2716,0.65,null,xihan666,6637
2717,1.93,25.0,xihan666,14479
2718,2.49,18.0,xihan666,5645
2719,2897.4,null,xihan666,19763
2720,0,100.0,xihan666,1
2721,0,100.0,xihan666,33253
2722,0,100.0,xihan666,41004
2723,768.53,57.0,xihan666,45678
2724,0.12,47.0,xihan666,53750
2725,107,0.6,xihan666,null
2726,7,0.8,xihan666,5718
2727,0,100.0,xihan666,41004
2728,0,100.0,xihan666,41004
2729,28,null,xihan666,5401
2730,0.26,28.0,xihan666,28432
2731,0,100.0,xihan666,33339
2732,0,100.0,xihan666,33253
2733,16,6.0,xihan666,16928
2734,16,17.0,xihan666,49252
2735,9,10.0,xihan666,12614
2736,3,3.8,xihan666,2705
2737,0,100.0,xihan666,0
2738,4,18.0,xihan666,68448
2739,2027.62,null,xihan666,6823
2740,2027.62,2.4,xihan666,6823
2741,768.53,57.0,xihan666,46902
2742,1386,3.6,xihan666,null
2743,59558.04,1.9,xihan666,21068
2744,65030.3,1.6,xihan666,11857
2745,124588.3,2.2,xihan666,15048
2746,1385.07,46.0,xihan666,35623
2747,1512.33,24.0,xihan666,16915
2748,364.54,2.8,xihan666,7874
2749,83,null,xihan666,12194
2750,0,100.0,xihan666,1
2751,95,1.2,xihan666,7984
2752,12508.63,0.7,xihan666,6119
2753,0,100.0,xihan666,1
2754,4.83,null,LBWDGB123,0
2755,14.29,9.0,LBWDGB123,0
2756,6943.38,37.0,LBWDGB123,0
2757,7,44.0,LBWDGB123,0
2758,1,21.0,LBWDGB123,null
2759,0.5,12.0,LBWDGB123,0
2760,2,35.0,LBWDGB123,0
2761,28.57,24.0,LBWDGB123,0
2762,6,48.0,LBWDGB123,0
2763,1408,18.7452,LBWDGB123,null
2764,1407.52,20.0,LBWDGB123,0
2765,0,100.0,LBWDGB123,0
2766,456.85,6.0,LBWDGB123,0
2767,3.43,null,LBWDGB123,0
2768,1,58.0,LBWDGB123,0
2769,4.14,6.0,LBWDGB123,0
2770,2668.41,null,LBWDGB123,0
2771,0,100.0,LBWDGB123,0
2772,0,100.0,LBWDGB123,0
2773,0,100.0,LBWDGB123,0
2774,991.91,31.0,LBWDGB123,0
2775,0.29,22.0,LBWDGB123,0
2776,29,15.0,LBWDGB123,null
2777,1,39.0,LBWDGB123,0
2778,0,100.0,LBWDGB123,0
2779,0,100.0,LBWDGB123,0
2780,24,null,LBWDGB123,0
2781,0.83,2.1,LBWDGB123,0
2782,0,100.0,LBWDGB123,0
2783,0,100.0,LBWDGB123,0
2784,8,21.0,LBWDGB123,0
2785,26,8.0,LBWDGB123,0
2786,18,0.2,LBWDGB123,0
2787,3,3.8,LBWDGB123,0
2788,0,100.0,LBWDGB123,0
2789,5,9.0,LBWDGB123,0
2790,1745.34,null,LBWDGB123,0
2791,1745.34,43.0,LBWDGB123,0
2792,991.91,31.0,LBWDGB123,0
2793,1157,20.0,LBWDGB123,null
2794,15488.87,24.0,LBWDGB123,0
2795,3189.99,60.0,LBWDGB123,0
2796,18678.87,39.0,LBWDGB123,0
2797,2212.7,15.0,LBWDGB123,0
2798,455.71,65.0,LBWDGB123,0
2799,292.74,8.0,LBWDGB123,0
2800,7,null,LBWDGB123,0
2801,0,100.0,LBWDGB123,0
2802,21,24.0,LBWDGB123,0
2803,3197.96,17.0,LBWDGB123,0
2804,0,100.0,LBWDGB123,0
2805,1.86,null,afffsd,16684
2806,10.2,12.0,afffsd,5300
2807,52215.03,1.2,afffsd,9183
2808,49,3.4,afffsd,19625
2809,5,0.3,afffsd,null
2810,0.38,13.0,afffsd,11602
2811,13,0.7,afffsd,5336
2812,26.53,24.0,afffsd,11477
2813,44,4.1,afffsd,23198
2814,2141,0.0873,afffsd,null
2815,2141.34,0.3,afffsd,786
2816,0,100.0,afffsd,0
2817,186.58,37.0,afffsd,25249
2818,0.69,null,afffsd,5725
2819,0.92,59.0,afffsd,70093
2820,1.67,34.0,afffsd,20310
2821,3026.46,null,afffsd,16988
2822,0,100.0,afffsd,1
2823,0,100.0,afffsd,33253
2824,0.02,16.0,afffsd,33258
2825,1065.61,25.0,afffsd,8201
2826,0.27,24.0,afffsd,11477
2827,82,1.4,afffsd,null
2828,0,100.0,afffsd,86447
2829,1,16.0,afffsd,12840
2830,1,17.0,afffsd,12840
2831,34,null,afffsd,3787
2832,0.41,11.0,afffsd,4226
2833,0,100.0,afffsd,33339
2834,0,100.0,afffsd,33253
2835,3,52.0,afffsd,66273
2836,3,65.0,afffsd,88400
2837,7,21.0,afffsd,26785
2838,2,25.0,afffsd,10421
2839,0,100.0,afffsd,0
2840,8,0.6,afffsd,17965
2841,2182.61,null,afffsd,1776
2842,2182.61,0.7,afffsd,1776
2843,1065.61,25.0,afffsd,9966
2844,1769,0.3,afffsd,null
2845,85349.74,0.7,afffsd,9438
2846,62946.59,1.7,afffsd,12626
2847,148296.3,1.4,afffsd,10311
2848,1741.83,28.0,afffsd,14442
2849,1284.62,30.0,afffsd,23995
2850,211.1,20.0,afffsd,45085
2851,45,null,afffsd,37056
2852,0,100.0,afffsd,1
2853,62,3.9,afffsd,20169
2854,9142.31,1.8,afffsd,12631
2855,0,100.0,afffsd,1
2856,2.33,null,Myfaithssks,8570
2857,4,17.0,Myfaithssks,23332
2858,22245.39,9.0,Myfaithssks,48782
2859,25,12.0,Myfaithssks,57772
2860,1,21.0,Myfaithssks,null
2861,0.33,15.0,Myfaithssks,12343
2862,3,21.0,Myfaithssks,54704
2863,12,47.0,Myfaithssks,51028
2864,24,13.0,Myfaithssks,58905
2865,1604,5.4676,Myfaithssks,null
2866,1621.06,6.0,Myfaithssks,22377
2867,0,100.0,Myfaithssks,0
2868,266.44,20.0,Myfaithssks,7568
2869,1.2,null,Myfaithssks,1923
2870,1.72,28.0,Myfaithssks,20866
2871,2.24,20.0,Myfaithssks,8135
2872,2568.28,null,Myfaithssks,28769
2873,0,100.0,Myfaithssks,1
2874,0,100.0,Myfaithssks,33253
2875,0.04,12.0,Myfaithssks,17754
2876,889.82,41.0,Myfaithssks,24712
2877,0.12,47.0,Myfaithssks,51040
2878,56,3.9,Myfaithssks,null
2879,0,100.0,Myfaithssks,86447
2880,1,16.0,Myfaithssks,12840
2881,1,17.0,Myfaithssks,12840
2882,30,null,Myfaithssks,4771
2883,0.54,4.6,Myfaithssks,1576
2884,0,100.0,Myfaithssks,33339
2885,0,100.0,Myfaithssks,33253
2886,20,3.3,Myfaithssks,11535
2887,50,1.5,Myfaithssks,8854
2888,18,0.2,Myfaithssks,321
2889,2,25.0,Myfaithssks,10421
2890,0,100.0,Myfaithssks,0
2891,6,4.1,Myfaithssks,38100
2892,1873.91,null,Myfaithssks,52623
2893,1873.91,24.0,Myfaithssks,52623
2894,889.82,41.0,Myfaithssks,26892
2895,1324,6.0,Myfaithssks,null
2896,47893.18,3.3,Myfaithssks,31686
2897,16313.91,19.0,Myfaithssks,69875
2898,64207.09,9.0,Myfaithssks,47540
2899,1915.73,22.0,Myfaithssks,8921
2900,652.56,56.0,Myfaithssks,61601
2901,407.13,1.6,Myfaithssks,4696
2902,43,null,Myfaithssks,39532
2903,0,100.0,Myfaithssks,1
2904,26,18.0,Myfaithssks,65205
2905,6660.91,4.1,Myfaithssks,24026
2906,0,100.0,Myfaithssks,1
2907,3.88,null,xiao-shou-BB,0
2908,11.11,11.0,xiao-shou-BB,0
2909,8529.23,31.0,xiao-shou-BB,0
2910,9,37.0,xiao-shou-BB,0
2911,1,21.0,xiao-shou-BB,null
2912,0.5,12.0,xiao-shou-BB,0
2913,2,35.0,xiao-shou-BB,0
2914,22.22,31.0,xiao-shou-BB,0
2915,8,39.0,xiao-shou-BB,0
2916,1478,12.0859,xiao-shou-BB,null
2917,1478.28,13.0,xiao-shou-BB,0
2918,0,100.0,xiao-shou-BB,0
2919,384.08,9.0,xiao-shou-BB,0
2920,0.67,null,xiao-shou-BB,0
2921,1.44,36.0,xiao-shou-BB,0
2922,3.44,9.0,xiao-shou-BB,0
2923,2914.55,null,xiao-shou-BB,0
2924,0,100.0,xiao-shou-BB,0
2925,0,100.0,xiao-shou-BB,0
2926,0,100.0,xiao-shou-BB,0
2927,947.69,35.0,xiao-shou-BB,0
2928,0.22,31.0,xiao-shou-BB,0
2929,31,13.0,xiao-shou-BB,null
2930,1,39.0,xiao-shou-BB,0
2931,0,100.0,xiao-shou-BB,0
2932,0,100.0,xiao-shou-BB,0
2933,6,null,xiao-shou-BB,0
2934,0.19,44.0,xiao-shou-BB,0
2935,1,13.0,xiao-shou-BB,0
2936,0,100.0,xiao-shou-BB,0
2937,22,2.5,xiao-shou-BB,0
2938,22,10.0,xiao-shou-BB,0
2939,6,29.0,xiao-shou-BB,0
2940,2,25.0,xiao-shou-BB,0
2941,0,100.0,xiao-shou-BB,0
2942,2,57.0,xiao-shou-BB,0
2943,1955.47,null,xiao-shou-BB,0
2944,1955.47,10.0,xiao-shou-BB,0
2945,947.69,35.0,xiao-shou-BB,0
2946,1208,14.0,xiao-shou-BB,null
2947,15495.6,24.0,xiao-shou-BB,0
2948,10735.37,29.0,xiao-shou-BB,0
2949,26230.97,29.0,xiao-shou-BB,0
2950,1721.73,29.0,xiao-shou-BB,0
2951,1192.82,33.0,xiao-shou-BB,0
2952,155.67,34.0,xiao-shou-BB,0
2953,13,null,xiao-shou-BB,0
2954,0,100.0,xiao-shou-BB,0
2955,28,17.0,xiao-shou-BB,0
2956,3456.74,15.0,xiao-shou-BB,0
2957,0,100.0,xiao-shou-BB,0
2958,2,null,Yuppie_Chu,0
2959,0,100.0,Yuppie_Chu,0
2960,2079.47,70.0,Yuppie_Chu,0
2961,3,70.0,Yuppie_Chu,0
2962,0,100.0,Yuppie_Chu,null
2963,0,100.0,Yuppie_Chu,0
2964,0,100.0,Yuppie_Chu,0
2965,0,100.0,Yuppie_Chu,0
2966,3,69.0,Yuppie_Chu,0
2967,1215,65.438,Yuppie_Chu,null
2968,1222.94,72.0,Yuppie_Chu,0
2969,0,100.0,Yuppie_Chu,0
2970,271.69,19.0,Yuppie_Chu,0
2971,0.33,null,Yuppie_Chu,0
2972,1.67,29.0,Yuppie_Chu,0
2973,2,28.0,Yuppie_Chu,0
2974,3240.86,null,Yuppie_Chu,0
2975,0,100.0,Yuppie_Chu,0
2976,0,100.0,Yuppie_Chu,0
2977,0.33,2.0,Yuppie_Chu,0
2978,693.16,67.0,Yuppie_Chu,0
2979,0,100.0,Yuppie_Chu,0
2980,6,58.0,Yuppie_Chu,null
2981,1,39.0,Yuppie_Chu,0
2982,1,16.0,Yuppie_Chu,0
2983,1,17.0,Yuppie_Chu,0
2984,1,null,Yuppie_Chu,0
2985,0.17,47.0,Yuppie_Chu,0
2986,1,13.0,Yuppie_Chu,0
2987,0,100.0,Yuppie_Chu,0
2988,4,43.0,Yuppie_Chu,0
2989,4,57.0,Yuppie_Chu,0
2990,3,64.0,Yuppie_Chu,0
2991,1,89.0,Yuppie_Chu,0
2992,0,100.0,Yuppie_Chu,0
2993,2,57.0,Yuppie_Chu,0
2994,1317.17,null,Yuppie_Chu,0
2995,1317.17,74.0,Yuppie_Chu,0
2996,693.16,67.0,Yuppie_Chu,0
2997,1001,78.0,Yuppie_Chu,null
2998,3734.76,65.0,Yuppie_Chu,0
2999,5987.83,44.0,Yuppie_Chu,0
3000,9722.59,57.0,Yuppie_Chu,0
3001,1244.92,54.0,Yuppie_Chu,0
3002,1995.94,15.0,Yuppie_Chu,0
3003,50.59,64.0,Yuppie_Chu,0
3004,5,null,Yuppie_Chu,0
3005,0,100.0,Yuppie_Chu,0
3006,8,50.0,Yuppie_Chu,0
3007,815.07,53.0,Yuppie_Chu,0
3008,0,100.0,Yuppie_Chu,0
3009,1.16,null,piaa2614,47478
3010,5.13,16.0,piaa2614,17120
3011,46847.4,1.6,piaa2614,11900
3012,39,6.0,piaa2614,29791
3013,2,4.9,piaa2614,null
3014,0.12,19.0,piaa2614,33644
3015,16,0.4,piaa2614,3356
3016,41.03,14.0,piaa2614,2650
3017,37,6.0,piaa2614,31313
3018,2029,0.2705,piaa2614,null
3019,2029.32,0.5,piaa2614,1759
3020,0,100.0,piaa2614,0
3021,154.94,48.0,piaa2614,40422
3022,0.15,null,piaa2614,68739
3023,1.9,25.0,piaa2614,15180
3024,1.1,52.0,piaa2614,50445
3025,4825.9,null,piaa2614,2138
3026,0,100.0,piaa2614,1
3027,0,100.0,piaa2614,33253
3028,0.03,14.0,piaa2614,28933
3029,1201.22,17.0,piaa2614,3176
3030,0.41,14.0,piaa2614,2650
3031,43,8.0,piaa2614,null
3032,6,1.3,piaa2614,8238
3033,1,16.0,piaa2614,12840
3034,1,17.0,piaa2614,12840
3035,6,null,piaa2614,53384
3036,0.14,55.0,piaa2614,80103
3037,0,100.0,piaa2614,33339
3038,0,100.0,piaa2614,33253
3039,5,36.0,piaa2614,53211
3040,5,51.0,piaa2614,81502
3041,7,21.0,piaa2614,26785
3042,2,25.0,piaa2614,10421
3043,0,100.0,piaa2614,0
3044,7,1.7,piaa2614,26512
3045,1978.34,null,piaa2614,12592
3046,1978.34,4.6,piaa2614,12592
3047,1201.21,17.0,piaa2614,4223
3048,1713,0.4,piaa2614,null
3049,67318.44,1.4,piaa2614,16328
3050,120891.7,0.3,piaa2614,3057
3051,188210.2,0.7,piaa2614,5929
3052,1726.11,29.0,piaa2614,15086
3053,3099.79,6.0,piaa2614,1915
3054,410.47,1.5,piaa2614,4519
3055,74,null,piaa2614,15446
3056,0,100.0,piaa2614,1
3057,100,1.0,piaa2614,7081
3058,6042.52,6.0,piaa2614,28712
3059,0,100.0,piaa2614,1
3060,2.71,16.0,DJMaxfm,5422
3061,6.06,15.0,DJMaxfm,11844
3062,21632.33,6.0,DJMaxfm,50754
3063,33,4.5,DJMaxfm,39065
3064,2,4.5,DJMaxfm,null
3065,0.5,12.0,DJMaxfm,4615
3066,4,10.0,DJMaxfm,41982
3067,12.12,46.0,DJMaxfm,50661
3068,31,4.9,DJMaxfm,41369
3069,1826,1.0712,DJMaxfm,null
3070,1825.61,0.9,DJMaxfm,6742
3071,0,100.0,DJMaxfm,0
3072,331.65,13.0,DJMaxfm,3151
3073,0.7,15.0,DJMaxfm,5654
3074,0.61,67.0,DJMaxfm,90304
3075,2.55,17.0,DJMaxfm,5191
3076,2307.08,48.0,DJMaxfm,38395
3077,0,100.0,DJMaxfm,1
3078,0,100.0,DJMaxfm,33253
3079,0.09,8.0,DJMaxfm,2174
3080,655.53,72.0,DJMaxfm,69764
3081,0.12,46.0,DJMaxfm,50661
3082,84,0.6,DJMaxfm,null
3083,3,8.0,DJMaxfm,28447
3084,3,0.8,DJMaxfm,1290
3085,3,0.7,DJMaxfm,1290
3086,23,0.7,DJMaxfm,7698
3087,0.27,26.0,DJMaxfm,24277
3088,2,2.7,DJMaxfm,3951
3089,0,100.0,DJMaxfm,33253
3090,2,64.0,DJMaxfm,74028
3091,2,73.0,DJMaxfm,91825
3092,12,2.1,DJMaxfm,3764
3093,2,24.0,DJMaxfm,10421
3094,0,100.0,DJMaxfm,0
3095,7,1.7,DJMaxfm,26512
3096,2028.99,2.0,DJMaxfm,6735
3097,2028.99,2.0,DJMaxfm,6735
3098,655.53,72.0,DJMaxfm,69650
3099,1460,1.2,DJMaxfm,null
3100,40856.35,4.9,DJMaxfm,41337
3101,35277.15,3.7,DJMaxfm,32743
3102,76133.5,3.9,DJMaxfm,37157
3103,1238.07,56.0,DJMaxfm,48346
3104,1069.01,38.0,DJMaxfm,33381
3105,279.46,8.0,DJMaxfm,22254
3106,20,19.0,DJMaxfm,79507
3107,0,100.0,DJMaxfm,1
3108,59,2.4,DJMaxfm,22180
3109,10944.46,0.5,DJMaxfm,8329
3110,0,100.0,DJMaxfm,1
3111,0,100.0,nmbdlzh,0
3112,0,100.0,nmbdlzh,0
3113,396.55,95.0,nmbdlzh,0
3114,3,66.0,nmbdlzh,0
3115,0,100.0,nmbdlzh,null
3116,0,100.0,nmbdlzh,0
3117,0,100.0,nmbdlzh,0
3118,0,100.0,nmbdlzh,0
3119,3,65.0,nmbdlzh,0
3120,1158,95.6846,nmbdlzh,null
3121,1200,100.0,nmbdlzh,0
3122,0,100.0,nmbdlzh,0
3123,50.88,86.0,nmbdlzh,0
3124,0,100.0,nmbdlzh,0
3125,0,100.0,nmbdlzh,0
3126,0,100.0,nmbdlzh,0
3127,30.83,99.0,nmbdlzh,0
3128,0,100.0,nmbdlzh,0
3129,0,100.0,nmbdlzh,0
3130,0,100.0,nmbdlzh,0
3131,132.18,99.0,nmbdlzh,0
3132,0,100.0,nmbdlzh,0
3133,0,100.0,nmbdlzh,null
3134,0,100.0,nmbdlzh,0
3135,0,100.0,nmbdlzh,0
3136,0,100.0,nmbdlzh,0
3137,0,100.0,nmbdlzh,0
3138,0,100.0,nmbdlzh,0
3139,0,100.0,nmbdlzh,0
3140,0,100.0,nmbdlzh,0
3141,0,100.0,nmbdlzh,0
3142,0,100.0,nmbdlzh,0
3143,0,100.0,nmbdlzh,0
3144,0,100.0,nmbdlzh,0
3145,0,100.0,nmbdlzh,0
3146,1,100.0,nmbdlzh,0
3147,191.52,98.0,nmbdlzh,0
3148,191.52,98.0,nmbdlzh,0
3149,132.18,99.0,nmbdlzh,0
3150,964,97.0,nmbdlzh,null
3151,92.5,98.0,nmbdlzh,0
3152,0,100.0,nmbdlzh,0
3153,92.5,98.0,nmbdlzh,0
3154,30.83,100.0,nmbdlzh,0
3155,0,100.0,nmbdlzh,0
3156,0,100.0,nmbdlzh,0
3157,0,100.0,nmbdlzh,0
3158,0,100.0,nmbdlzh,0
3159,0,100.0,nmbdlzh,0
3160,152.64,83.0,nmbdlzh,0
3161,0,100.0,nmbdlzh,0
3162,4,null,BIULcccccccccc,0
3163,0,100.0,BIULcccccccccc,0
3164,2349.37,68.0,BIULcccccccccc,0
3165,2,82.0,BIULcccccccccc,0
3166,0,100.0,BIULcccccccccc,null
3167,0,100.0,BIULcccccccccc,0
3168,0,100.0,BIULcccccccccc,0
3169,0,100.0,BIULcccccccccc,0
3170,2,81.0,BIULcccccccccc,0
3171,1248,52.5037,BIULcccccccccc,null
3172,1248.49,59.0,BIULcccccccccc,0
3173,0,100.0,BIULcccccccccc,0
3174,399.63,8.0,BIULcccccccccc,0
3175,0.5,null,BIULcccccccccc,0
3176,1.5,36.0,BIULcccccccccc,0
3177,4,7.0,BIULcccccccccc,0
3178,2552.82,null,BIULcccccccccc,0
3179,0,100.0,BIULcccccccccc,0
3180,0,100.0,BIULcccccccccc,0
3181,0,100.0,BIULcccccccccc,0
3182,1174.69,18.0,BIULcccccccccc,0
3183,0,100.0,BIULcccccccccc,0
3184,8,50.0,BIULcccccccccc,null
3185,0,100.0,BIULcccccccccc,0
3186,0,100.0,BIULcccccccccc,0
3187,0,100.0,BIULcccccccccc,0
3188,1,null,BIULcccccccccc,0
3189,0.12,58.0,BIULcccccccccc,0
3190,0,100.0,BIULcccccccccc,0
3191,0,100.0,BIULcccccccccc,0
3192,8,21.0,BIULcccccccccc,0
3193,8,36.0,BIULcccccccccc,0
3194,5,39.0,BIULcccccccccc,0
3195,1,89.0,BIULcccccccccc,0
3196,0,100.0,BIULcccccccccc,0
3197,1,100.0,BIULcccccccccc,0
3198,1355.87,null,BIULcccccccccc,0
3199,1355.87,72.0,BIULcccccccccc,0
3200,1174.69,18.0,BIULcccccccccc,0
3201,1032,57.0,BIULcccccccccc,null
3202,3652.66,66.0,BIULcccccccccc,0
3203,1452.98,72.0,BIULcccccccccc,0
3204,5105.64,74.0,BIULcccccccccc,0
3205,1826.33,25.0,BIULcccccccccc,0
3206,726.49,52.0,BIULcccccccccc,0
3207,133.29,40.0,BIULcccccccccc,0
3208,3,null,BIULcccccccccc,0
3209,0,100.0,BIULcccccccccc,0
3210,5,62.0,BIULcccccccccc,0
3211,799.27,54.0,BIULcccccccccc,0
3212,0,100.0,BIULcccccccccc,0
3213,10.33,null,zfy1023,0
3214,50,2.8,zfy1023,0
3215,7785.03,34.0,zfy1023,0
3216,6,49.0,zfy1023,0
3217,3,1.5,zfy1023,null
3218,0.75,7.0,zfy1023,0
3219,4,14.0,zfy1023,0
3220,66.67,7.0,zfy1023,0
3221,3,69.0,zfy1023,0
3222,1626,4.7579,zfy1023,null
3223,1626.09,6.0,zfy1023,0
3224,0,100.0,zfy1023,0
3225,676.87,1.8,zfy1023,0
3226,1.83,null,zfy1023,0
3227,1.83,26.0,zfy1023,0
3228,5.17,2.8,zfy1023,0
3229,2939.99,null,zfy1023,0
3230,0,100.0,zfy1023,0
3231,0.17,3.4,zfy1023,0
3232,0,100.0,zfy1023,0
3233,1297.51,13.0,zfy1023,0
3234,0.67,7.0,zfy1023,0
3235,31,13.0,zfy1023,null
3236,2,17.0,zfy1023,0
3237,0,100.0,zfy1023,0
3238,0,100.0,zfy1023,0
3239,11,null,zfy1023,0
3240,0.35,15.0,zfy1023,0
3241,0,100.0,zfy1023,0
3242,1,13.0,zfy1023,0
3243,31,0.9,zfy1023,0
3244,31,4.9,zfy1023,0
3245,11,4.0,zfy1023,0
3246,2,25.0,zfy1023,0
3247,0,100.0,zfy1023,0
3248,1,100.0,zfy1023,0
3249,1897.44,null,zfy1023,0
3250,1897.44,18.0,zfy1023,0
3251,1297.51,13.0,zfy1023,0
3252,1346,4.9,zfy1023,null
3253,7417.3,45.0,zfy1023,0
3254,10222.63,30.0,zfy1023,0
3255,17639.93,40.0,zfy1023,0
3256,1236.22,55.0,zfy1023,0
3257,1703.77,20.0,zfy1023,0
3258,281.77,9.0,zfy1023,0
3259,11,null,zfy1023,0
3260,0,100.0,zfy1023,0
3261,20,25.0,zfy1023,0
3262,4061.19,12.0,zfy1023,0
3263,0,100.0,zfy1023,0
3264,1.12,null,AchelousM416,50370
3265,0,100.0,AchelousM416,41745
3266,13906.93,19.0,AchelousM416,83654
3267,17,20.0,AchelousM416,89984
3268,0,100.0,AchelousM416,null
3269,0,100.0,AchelousM416,41745
3270,2,35.0,AchelousM416,69855
3271,11.76,48.0,AchelousM416,52771
3272,17,20.0,AchelousM416,87259
3273,1406,18.8695,AchelousM416,null
3274,1406.38,20.0,AchelousM416,60552
3275,0,100.0,AchelousM416,0
3276,150.11,50.0,AchelousM416,43379
3277,0.24,null,AchelousM416,46773
3278,0.71,66.0,AchelousM416,84694
3279,1.12,51.0,AchelousM416,49119
3280,2608.5,null,AchelousM416,27533
3281,0,100.0,AchelousM416,1
3282,0,100.0,AchelousM416,33253
3283,0.18,3.4,AchelousM416,89
3284,818.05,50.0,AchelousM416,36147
3285,0.12,47.0,AchelousM416,51932
3286,19,25.0,AchelousM416,null
3287,1,39.0,AchelousM416,63816
3288,3,0.8,AchelousM416,1290
3289,3,0.9,AchelousM416,1290
3290,4,null,AchelousM416,69507
3291,0.21,39.0,AchelousM416,49098
3292,0,100.0,AchelousM416,33339
3293,0,100.0,AchelousM416,33253
3294,4,43.0,AchelousM416,59277
3295,4,57.0,AchelousM416,84875
3296,3,64.0,AchelousM416,83511
3297,1,89.0,AchelousM416,55082
3298,0,100.0,AchelousM416,0
3299,3,32.0,AchelousM416,83752
3300,1744.31,null,AchelousM416,80700
3301,1744.31,44.0,AchelousM416,80700
3302,818.05,50.0,AchelousM416,37907
3303,1166,19.0,AchelousM416,null
3304,20849.41,16.0,AchelousM416,85994
3305,23495.05,12.0,AchelousM416,52752
3306,44344.46,16.0,AchelousM416,71467
3307,1226.44,55.0,AchelousM416,49463
3308,1382.06,27.0,AchelousM416,20678
3309,195.03,24.0,AchelousM416,51794
3310,12,null,AchelousM416,93745
3311,0,100.0,AchelousM416,1
3312,16,31.0,AchelousM416,84817
3313,2551.91,22.0,AchelousM416,80298
3314,0,100.0,AchelousM416,1
